Date,Jadcherla L1 Total traffic,Jadcherla L1 trucks and buses traffic,Jadcherla L1 multi-axial traffic,Jadcherla L2 Total traffic,Jadcherla L2 trucks and buses traffic,Jadcherla L2 multi-axial traffic,Sher Mohamad L1 Total traffic,Sher Mohamad L1 trucks and buses traffic,Sher Mohamad L1 multi-axial traffic,Sher Mohamad L2 Total traffic,Sher Mohamad L2 trucks and buses traffic,Sher Mohamad L2 multi-axial traffic,Guntur L1 Total traffic,Guntur L1 trucks and buses traffic,Guntur L1 multi-axial traffic,Guntur L2 Total traffic,Guntur L2 trucks and buses traffic,Guntur L2 multi-axial traffic
01-11-95,2365,1618,76,2410,1660,99,2279,1408,80,2356,1447,132,5091,2832,224,5005,3233,240
02-11-95,2529,1750,114,2422,1732,116,2283,1454,75,2342,1461,159,5112,3031,271,5164,3548,191
03-11-95,2459,1657,96,2406,1653,128,2381,1538,100,1956,1262,141,5011,3227,246,5084,3300,275
04-11-95,2517,1717,111,2388,1543,105,2104,1403,61,2196,1335,121,5090,3471,321,5056,3202,258
05-11-95,2380,1478,136,2469,1711,104,2047,1257,78,2072,1336,129,5316,3578,303,5164,3197,253
06-11-95,2382,1532,150,2566,1732,115,2175,1495,63,1879,1156,90,4955,3389,253,5148,3475,201
07-11-95,2357,1624,139,2589,1794,124,2115,1362,70,1838,1182,101,5267,3492,337,1930,3185,271
08-11-95,2525,1611,162,2652,1896,114,2089,1249,88,1967,1286,126,5076,3238,269,5250,3460,205
09-11-95,2322,1577,137,2614,1838,105,2294,1402,103,2404,1416,108,5167,3162,351,5116,3228,189
10-11-95,2658,1837,181,2537,1741,96,2056,1425,86,2085,1276,121,5188,3352,332,5119,3468,203
11-11-95,2422,1567,138,2664,1798,131,2159,1371,104,2196,1416,145,5497,3546,313,5377,3726,312
12-11-95,2443,1659,156,2706,1864,141,2225,1368,87,2071,1319,122,5631,3593,360,5517,3569,259
13-11-95,2357,1454,125,2580,1742,122,2289,1472,94,2476,1570,161,5376,3516,312,5784,3904,255
14-11-95,2368,1655,107,2652,1819,135,2184,1465,114,2493,1541,117,5533,3552,365,5430,3546,288
15-11-95,2392,1774,124,2531,1754,121,2205,1418,82,2448,1550,135,5393,3441,292,5572,3588,323
16-11-95,2305,1575,81,2736,1882,126,2175,1785,85,2308,1290,127,5527,3670,205,5353,3415,198
17-11-95,2522,1755,106,2613,1811,138,2664,1664,117,2300,1412,147,5375,3617,263,5329,3427,341
18-11-95,2488,1699,97,2658,1794,109,2531,1689,94,2373,1398,135,5497,3507,247,5307,3144,308
19-11-95,2454,1654,135,2771,1909,127,2466,1598,104,2408,1553,147,5366,3091,252,5436,3403,283
20-11-95,2396,1684,113,2647,1837,140,1986,1296,87,2538,1604,147,5418,3327,287,5329,3411,245
21-11-95,2514,1790,131,2529,1707,116,2105,1374,78,2255,1579,164,5479,3490,263,5433,3412,288
22-11-95,2468,1750,136,2679,1870,147,2286,1596,89,2402,1506,132,5342,3355,283,5515,3381,270
23-11-95,2628,1805,99,2587,1653,119,2453,1607,110,2509,1500,161,5365,3514,306,5464,3481,240
24-11-95,2459,1707,84,2686,1813,142,2659,1794,98,1856,1140,110,5335,3601,251,5460,3778,283
25-11-95,2466,1697,111,2452,1896,138,2492,1665,102,2374,1441,112,5317,3424,261,5433,3434,261
26-11-95,2493,1608,95,2858,1849,183,2495,1586,92,2270,1396,132,5370,3410,236,5329,3592,272
27-11-95,2771,1921,136,2694,1872,121,1965,1237,83,2332,1462,131,5286,3631,301,5336,3244,235
28-11-95,2858,1926,160,2763,1818,136,1846,1206,70,2505,1503,160,5375,3322,306,5430,3589,288
29-11-95,2456,1567,157,2665,1820,149,2355,1665,97,2479,1773,144,5366,3161,343,5461,3670,257
30-11-95,2383,1628,131,2770,1870,147,2566,1708,95,2503,1617,160,5292,3345,307,5330,3694,235
01-12-95,2414,1664,85,2766,1895,122,2432,1665,90,2386,1417,141,5092,3295,224,5318,3473,277
02-12-95,2569,1732,118,2689,1858,102,2516,1738,86,2179,1471,140,5044,3168,293,5457,3498,256
03-12-95,2494,1866,132,2713,1831,141,2466,1648,104,2457,1654,135,5265,3554,337,5142,3445,262
04-12-95,2285,1558,107,2700,1744,132,2382,1539,88,2338,1506,101,4969,3195,273,5193,3609,301
05-12-95,2463,1663,131,2598,1800,146,2396,1711,98,2324,1485,119,5393,3441,275,5108,3489,189
06-12-95,2399,1545,98,2694,1819,151,2137,1689,81,2179,1423,129,5449,3280,273,5029,3390,317
07-12-95,2553,1759,151,2626,1815,165,1983,1289,79,1941,1324,124,5165,3326,305,5108,3147,194
08-12-95,2416,1621,114,2681,1796,118,1958,1123,72,1864,1184,106,4879,3186,312,4950,3193,153
09-12-95,2391,1537,127,2586,1779,153,2151,1468,71,2069,1260,118,4896,3153,230,5000,3445,235
10-12-95,2416,1665,155,2522,1705,172,1928,1239,83,2056,1410,132,4799,2966,211,5092,3244,244
11-12-95,2414,1673,140,2466,1722,158,2086,1665,102,1952,1267,113,4875,3291,283,4876,3121,288
12-12-95,2553,1764,135,2702,1932,138,2115,1239,110,2054,1317,131,4756,3106,290,5061,3305,283
13-12-95,2494,1604,127,2580,1801,139,2210,1511,88,1824,1074,106,4896,3251,289,5721,3747,303
14-12-95,2565,1688,157,2612,1763,157,2086,1408,106,2449,1580,162,4994,3221,255,5371,3700,252
15-12-95,2399,1708,137,2787,1800,162,2087,1238,79,2474,1677,143,5229,3439,286,5511,3538,292
16-12-95,2338,1611,107,2686,1851,118,2066,1427,76,2484,1622,159,5295,3463,323,5295,3325,238
17-12-95,2802,1869,130,2712,1828,155,2365,1629,104,2460,1569,140,5265,3675,282,5249,3396,336
18-12-95,2899,2006,157,2666,1848,163,2389,1541,91,2384,1705,162,5139,3469,272,5377,3565,312
19-12-95,2492,1683,130,2689,1858,153,2348,1444,103,2314,1583,127,5192,3333,301,5376,3629,296
20-12-95,2417,1687,106,2655,1792,170,1998,1285,74,1845,1227,118,5148,3547,327,5271,3405,269
21-12-95,2529,1707,134,2468,1693,136,2143,1322,96,2489,1608,139,5247,3342,299,5271,3631,322
22-12-95,2501,1633,103,2586,1792,127,1973,1273,109,2384,1662,126,5117,3280,297,5464,3535,290
23-12-95,2494,1738,132,2516,1698,133,2315,1538,93,2486,1536,209,5110,3306,261,5400,3634,313
24-12-95,2666,1792,125,2638,1752,169,2558,1732,84,2555,1781,100,5132,3274,329,5374,3509,253
25-12-95,2503,1612,105,2474,1727,144,2415,1652,109,2535,1807,139,5094,3250,290,5493,3516,297
26-12-95,2550,1698,130,2549,1721,158,2386,1668,98,2519,1607,161,5147,3176,314,5278,3473,301
27-12-95,2430,1635,122,2524,1739,144,1995,1365,116,2394,1544,137,5064,3185,268,5371,3497,274
28-12-95,2489,1541,110,2388,1612,129,1736,1172,111,1998,1217,112,5149,3284,304,5270,3679,311
29-12-95,2524,1759,103,2487,1527,122,2266,1434,120,2355,1514,137,5186,3340,285,5186,3542,275
30-12-95,2558,1747,136,2512,1726,146,2368,1527,144,2356,1614,127,5264,3627,321,5272,3601,337
31-12-95,2612,1813,138,2415,1674,128,2416,1486,131,2252,1455,110,5175,3493,300,5401,3332,313
01-01-96,2584,1765,88,2532,1745,162,2621,1769,89,2229,1456,120,4465,2903,136,4394,2869,122
02-01-96,2763,1909,160,2634,1778,145,2715,1746,98,2119,1343,100,4745,2874,188,4800,3033,179
03-01-96,2686,1813,164,2607,1689,167,2567,1764,98,1981,1325,115,2868,1991,68,3158,2395,66
04-01-96,2750,1826,149,2503,1735,133,2657,1698,120,2246,1478,144,3804,1823,141,3676,2332,94
05-01-96,2602,1764,167,2646,1786,169,2412,1676,99,2232,1449,130,4768,3116,150,4234,2658,139
06-01-96,2603,1804,138,2672,1833,136,2377,1533,90,2108,1471,135,4824,3231,146,4409,2907,132
07-01-96,2576,1739,113,2593,1797,127,2137,1391,88,2366,1592,135,4763,3211,118,4399,2796,156
08-01-96,2603,1699,99,2769,1869,147,2319,1589,128,2023,1305,117,4618,3032,134,4455,2967,128
09-01-96,2705,1883,84,2637,1809,169,2110,1302,80,2659,1832,170,4632,2640,174,4708,2804,175
10-01-96,2584,1806,88,2711,1830,117,2249,1433,94,2522,1707,144,4453,2797,138,4647,3064,111
11-01-96,2654,1789,141,2588,1796,153,2097,1499,78,2686,1878,172,4939,3235,121,4697,3049,145
12-01-96,2462,1583,126,2784,1879,131,2289,1454,94,2539,1638,140,5090,3342,168,4660,2960,110
13-01-96,2696,1852,124,2819,1968,144,2248,1380,117,2667,1640,173,4880,3196,139,4716,3123,124
14-01-96,2768,1868,141,2795,1887,148,2386,1620,126,2358,1521,151,4930,3171,133,4678,3009,119
15-01-96,2602,1668,112,2843,1893,196,2255,1436,144,2590,1733,150,4664,2996,145,4743,3058,129
16-01-96,2818,1930,172,2922,1949,187,2229,1384,92,2696,1763,124,4929,2662,241,4493,2643,173
17-01-96,2756,1907,107,2739,1912,145,2465,1486,94,2678,1494,131,4331,2707,123,4507,2957,105
18-01-96,2682,1810,118,2844,1834,131,2335,1506,93,2447,1588,91,4771,3130,120,4457,2957,138
19-01-96,2618,1765,94,2819,1954,164,2464,1609,131,2169,1416,113,4750,3148,130,4463,2839,134
20-01-96,2719,1857,147,2899,2073,142,2153,1483,73,2597,1813,122,5016,3334,161,4703,3067,132
21-01-96,2747,1898,140,2866,2000,149,2335,1576,110,2557,1828,141,4823,3094,153,4398,2763,118
22-01-96,2696,1844,178,2831,2027,125,2126,1314,119,2559,1658,131,4270,2894,119,4440,3132,96
23-01-96,2872,1962,152,2724,1869,174,2386,1606,146,2752,1896,176,4601,2896,151,4413,2822,123
24-01-96,2687,1873,145,2825,1958,172,2655,1699,154,2774,1914,161,4630,3054,127,4403,2959,107
25-01-96,2696,1739,156,2753,1857,160,2534,1683,162,2699,1741,183,4742,3111,118,4478,2902,97
26-01-96,2685,1788,148,2810,1815,180,2266,1584,125,2732,1798,167,4934,3262,127,4339,2844,95
27-01-96,2604,1805,166,2711,1862,155,2185,1558,83,2586,1665,142,4774,3150,138,4618,3028,137
28-01-96,3124,2109,166,2644,1806,130,2166,1425,91,2009,1322,127,4872,3158,150,4603,2957,130
29-01-96,3019,2071,181,2585,1786,142,2489,1703,129,2589,1794,176,4742,3033,132,4674,3108,112
30-01-96,2519,1673,169,2833,1912,147,2532,1633,99,2511,1695,138,4775,2886,178,4801,3014,135
31-01-96,2793,1869,92,2705,1747,124,2466,1573,111,2702,1670,151,4899,2133,167,4912,2974,136
01-02-96,2885,1956,118,2741,1875,175,2526,1559,104,2630,1704,174,3092,1187,109,3595,2369,94
02-02-96,2849,1977,151,2851,1976,148,2680,1847,102,2579,1612,147,3651,2395,104,3904,2481,140
03-02-96,2972,1973,131,2822,1905,124,2664,1697,112,2708,1595,173,2313,1621,47,3656,2162,137
04-02-96,2986,2016,162,2710,1892,157,2332,1499,86,2730,1758,158,3862,2349,148,3831,2504,105
05-02-96,2904,1981,136,2866,1932,138,2859,1901,120,2395,1636,151,3755,2479,103,3442,2175,108
06-02-96,2795,1887,123,2807,1917,129,2468,1683,94,2140,1485,126,3937,2646,116,3593,2379,104
07-02-96,2765,1891,133,2802,1995,149,2665,1847,112,2267,1567,150,3885,2627,94,3583,2290,120
08-02-96,2643,1832,167,2893,1996,119,2892,1727,87,2561,1729,149,3629,2286,111,3604,2421,98
09-02-96,2952,1993,174,2998,1934,174,2469,1516,104,2051,1409,139,3773,2162,136,3815,2264,142
10-02-96,2795,1864,143,2855,1936,183,2583,1645,132,2403,1600,132,3878,2548,115,3787,2507,87
11-02-96,2884,1999,136,2934,1954,185,2646,1643,124,2011,1394,127,4015,2644,92,3820,2492,114
12-02-96,2786,1778,148,3014,2047,184,2589,1709,137,2282,1456,126,4153,2733,135,3792,2423,81
13-02-96,2967,2003,175,3052,1969,180,2689,1734,137,2152,1539,192,3987,2617,111,3835,2467,96
14-02-96,2925,2015,108,3026,1931,194,2559,1569,138,2700,1850,203,3900,2562,94,3810,2465,19
15-02-96,2919,1982,128,3078,2152,169,2392,1536,84,2550,1668,163,3774,2447,104,2989,1910,70
16-02-96,2811,1897,107,2928,1976,129,2466,1573,104,2629,1832,155,4007,2177,191,3757,2420,103
17-02-96,2885,1919,159,3067,2113,163,2489,1650,102,2626,1612,144,3525,2217,95,3660,2418,78
18-02-96,3083,2137,188,2797,1938,137,2559,1523,90,2744,1874,181,4007,2591,102,3622,2355,86
19-02-96,2948,1987,133,2863,1957,184,2896,2007,136,2775,1770,186,3863,2573,100,3620,2318,103
20-02-96,2893,1970,142,2935,2099,161,2643,1884,137,2741,1779,178,3475,2368,94,3845,2501,93
21-02-96,2959,2006,157,3042,2111,125,2538,1518,96,2040,1336,141,3932,2531,122,3583,2261,93
22-02-96,2895,2006,133,2980,2020,170,2464,1513,103,2872,1855,167,4078,2725,125,3578,2558,72
23-02-96,3742,2172,178,3058,2119,202,2587,1459,132,2795,1839,179,3742,2368,120,3586,2305,96
24-02-96,3354,2234,228,2949,2014,171,2093,1335,134,2599,1744,148,3971,2559,120,2554,1954,45
25-02-96,2882,1954,127,3065,1977,190,2934,1892,153,2637,1817,156,3864,2530,96,3647,2374,73
26-02-96,2894,2006,154,3103,2107,177,2835,1746,108,2596,1568,177,4014,2666,96,3531,2326,73
27-02-96,2795,1998,179,3138,2187,191,2464,1609,108,2485,1603,159,3878,2570,105,3747,2471,104
28-02-96,2705,1858,157,3052,2078,177,2589,1665,135,2722,1875,150,4033,2607,135,3590,2421,83
29-02-96,2920,2012,111,3169,2145,203,2638,1712,129,2268,1467,154,3774,2501,142,3805,2538,87
01-03-96,2786,1878,123,3032,2089,139,2646,1715,101,2338,1420,83,3789,2309,147,3842,2439,138
02-03-96,2752,1896,102,2922,2025,155,2711,1822,119,2297,1511,78,3565,2332,100,3517,2304,93
03-03-96,2865,1934,138,3002,2002,132,2586,1665,96,2307,1555,148,3796,2496,112,3758,2447,114
04-03-96,2610,1746,128,2968,2027,151,2189,1689,109,2089,1427,98,3041,1785,108,2926,1868,69
05-03-96,2751,1851,146,3139,1984,217,2964,2010,151,2437,1579,129,3678,2430,100,3376,2136,105
06-03-96,2906,1985,137,3084,1998,145,2511,1615,90,2606,1608,115,3850,2591,112,3685,2378,103
07-03-96,2893,1866,168,3176,2118,178,2271,1613,160,2674,1751,155,3814,2578,91,3515,2240,119
08-03-96,2725,1904,185,3096,1997,198,2918,1900,106,2665,1759,171,2277,1596,47,3541,2378,96
09-03-96,2938,2036,170,2934,1989,170,2512,1733,115,2445,1621,134,3700,2119,134,3746,2224,139
10-03-96,2805,1759,171,2932,1976,194,2566,1750,108,2043,1397,129,3559,2246,109,3717,2458,86
11-03-96,2846,1730,162,2821,1969,181,2849,1835,113,2756,1772,141,3939,2597,90,2512,1920,45
12-03-96,2936,2035,194,2925,1974,170,2690,1770,143,2779,1829,150,3704,2401,104,3722,2377,81
13-03-96,2756,1860,176,2852,1840,174,2795,1803,144,2322,1544,146,3913,2567,110,3774,2426,95
14-03-96,2881,1967,167,2911,2017,189,2659,1734,144,2748,1778,159,3933,2545,101,3737,2414,90
15-03-96,2662,1797,104,2898,1953,165,2485,1533,129,2189,1425,140,4069,2683,132,3775,2454,93
16-03-96,2849,1892,125,2944,1937,144,2589,1670,109,2308,1583,102,3939,2138,187,4206,2741,119
17-03-96,2932,2020,108,2833,1966,156,2612,1771,104,2076,1333,120,3454,2172,94,3591,2373,76
18-03-96,3305,2257,162,2732,1877,128,2655,1758,98,2684,1790,115,3827,2513,94,3556,2315,84
19-03-96,2752,1836,92,2868,1853,146,2865,1710,149,2642,1804,145,3792,2528,99,3555,2272,100
20-03-96,2855,1979,254,2681,1764,118,2782,1803,108,2329,1609,149,3638,2327,119,3764,2460,102
21-03-96,2932,1979,191,2768,1788,136,2636,1737,142,2770,1792,147,3862,2485,120,3510,2214,91
22-03-96,2859,1833,126,2895,1893,130,2385,1467,122,2649,1687,156,3413,2325,92,3519,2513,72
23-03-96,3035,1973,112,2920,1886,155,2465,1551,153,2789,1924,184,4008,2677,123,3496,2265,95
24-03-96,3182,2224,204,2807,1847,129,2335,1448,138,2844,1837,165,3703,2452,99,3517,2375,82
25-03-96,2836,2019,164,2807,1796,105,2895,1786,130,2923,1938,187,3794,2504,88,3576,2330,72
26-03-96,2902,1994,177,2685,1911,159,2768,1738,108,2824,1906,155,3823,2321,141,3465,2286,73
27-03-96,2872,1910,155,2593,1672,114,2665,1634,112,2729,1741,175,3811,2525,105,3678,2427,103
28-03-96,2865,1986,149,2699,1854,138,2893,1863,148,2672,1842,147,3890,2511,116,3519,2330,104
29-03-96,2693,1818,105,2727,1816,128,2467,1517,143,2675,1905,185,3787,2435,99,3737,2496,86
30-03-96,2762,1886,124,2622,1712,136,2618,1597,120,2595,1829,148,3938,2620,94,3831,2415,104
31-03-96,2928,2023,105,2786,1808,131,2512,1615,100,2632,1808,179,3930,2518,131,3927,2388,107
01-04-96,2795,1808,123,2974,2061,137,2786,1789,106,2637,1738,169,3639,2126,136,3580,2120,132
02-04-96,2836,1866,111,2811,2010,163,2856,1794,126,2589,1667,148,4536,2752,181,3524,2234,93
03-04-96,2747,1758,129,2742,1881,126,2723,1844,95,2549,1573,166,4143,2590,119,4265,2751,109
04-04-96,2926,1864,161,2689,1815,156,2305,1588,95,2725,1848,172,4273,2756,129,4586,2902,170
05-04-96,2872,1919,181,2789,1802,142,3068,2068,160,2412,1551,137,4556,2978,141,4046,2543,132
06-04-96,2715,1872,160,2763,1904,149,2644,1761,105,2789,1922,137,4611,3089,139,4211,2778,127
07-04-96,2883,1836,185,2986,2034,140,2995,2067,135,2557,1649,176,4561,3070,115,4214,2675,150
08-04-96,2896,1981,108,2993,2020,174,2885,1898,107,2137,1408,122,4415,2896,129,4244,2831,123
09-04-96,2602,1756,164,3116,2013,137,2645,1553,108,2799,1859,179,4431,2521,166,4487,2649,172
10-04-96,2896,1923,165,2876,1982,167,2786,1984,106,2186,1456,116,4261,2674,135,4451,2929,110
11-04-96,2796,1921,187,2767,1868,144,2993,1931,132,2428,1598,141,4724,3098,116,4494,2915,140
12-04-96,2759,1782,177,2870,1969,135,2965,1829,151,2292,1460,147,4867,3193,160,4503,2847,106
13-04-96,2912,2018,169,2843,1982,117,2884,1840,144,2874,1992,164,4677,3057,135,4498,2871,120
14-04-96,2741,1880,167,2859,1930,126,2800,1798,144,2885,1988,199,4707,3029,128,4469,2877,116
15-04-96,2826,1874,212,2798,1802,140,2617,1602,110,2906,1874,160,4427,2857,136,4519,2926,123
16-04-96,3177,2074,146,2733,1757,134,2803,1732,100,2807,1934,166,4716,2546,230,4287,2520,165
17-04-96,2862,1983,152,2572,1768,211,2835,1865,119,2436,1574,156,2750,1902,66,4307,2825,101
18-04-96,2966,1931,151,2675,1808,110,2881,1850,109,2763,1915,182,4573,2992,118,3026,2288,66
19-04-96,2692,1866,129,2648,1824,199,2665,1634,96,2897,1869,217,4966,3363,194,4685,2066,196
20-04-96,2892,1865,154,2544,1720,163,2986,2025,125,2771,1981,177,4790,3184,154,4496,2926,127
21-04-96,2786,1766,142,2754,1895,129,2861,1977,112,2918,2037,172,4616,2958,147,4209,2640,114
22-04-96,2653,1804,125,2865,1937,152,2738,1681,121,2413,1704,171,4082,2765,114,4214,2994,94
23-04-96,3024,2096,175,2690,1853,137,2675,1814,139,2974,1981,202,4563,3008,132,4223,2697,118
24-04-96,2839,1979,131,2840,2025,156,2534,1579,162,2671,1789,200,4432,2922,124,4218,2827,106
25-04-96,2822,1685,150,2634,1754,169,2938,1874,170,3057,2119,168,4547,2980,114,4297,2780,95
26-04-96,3294,2355,211,2716,1757,166,2766,1696,169,2954,1994,189,4719,3116,121,4157,2723,94
27-04-96,2742,1769,156,2814,1922,132,2893,1875,171,2854,1835,186,4567,2716,172,4409,2892,133
28-04-96,2845,1972,159,2680,1809,118,2638,1620,145,2795,1887,193,4669,2994,145,4413,2829,128
29-04-96,2849,2040,140,2779,1845,158,2665,1738,171,2799,1859,207,4578,2892,127,4501,2959,109
30-04-96,3011,2057,111,2630,1796,137,2597,1737,151,2714,1886,149,4395,2767,145,4587,2881,130
01-05-96,2852,1974,125,2785,1833,173,2967,1822,86,2755,1788,121,4465,2903,138,4394,2569,122
02-05-96,2833,1915,139,2814,1911,138,3042,1941,106,2706,1816,106,4799,3215,140,4785,3014,179
03-05-96,2994,2195,138,2932,1879,111,2900,1871,122,2663,1771,93,4604,2624,173,4459,2626,172
04-05-96,2892,1993,136,2768,1810,122,2455,1714,96,2520,1754,123,4431,2784,138,3667,2326,94
05-05-96,2692,1817,145,2766,1900,163,3268,2206,118,2671,1750,147,4738,3092,150,4215,2649,139
06-05-96,2994,2075,177,2911,1872,119,2816,1737,146,2924,1974,184,4744,2873,188,4381,2893,132
07-05-96,2893,1953,185,3138,2190,198,3189,2271,121,2846,1830,168,4742,3194,118,4380,2781,156
08-05-96,2789,1913,106,2972,2006,172,3086,2139,127,2537,1565,170,4596,3019,132,4419,2951,126
09-05-96,3086,2139,145,3193,2063,233,2818,1775,104,2914,2034,186,2868,1991,68,4666,2754,179
10-05-96,2975,2032,155,3043,1987,195,2967,2062,122,2283,1562,135,3787,2214,138,4622,3051,111
11-05-96,2995,1938,168,2811,1886,135,3165,2045,139,2233,1485,145,4909,3217,121,4669,3028,144
12-05-96,2912,2018,137,2926,1989,167,3106,2121,121,2395,1593,165,5060,3322,166,4630,2942,108
13-05-96,2888,1949,196,2956,2046,95,3072,2064,132,3014,2104,175,4855,3178,138,4682,3003,123
14-05-96,3058,1966,177,2892,1952,214,2984,1844,131,3002,1921,192,4930,3171,133,4678,3009,119
15-05-96,2989,1970,191,3020,2081,175,2787,1700,106,3036,2110,176,4664,2996,145,4743,3058,129
16-05-96,2880,1996,158,3092,2143,142,2966,1978,131,2933,1904,188,4901,2645,240,3157,2394,66
17-05-96,2742,1851,167,3159,2132,174,3064,1985,116,2887,1949,188,4722,3132,128,4475,2934,105
18-05-96,2959,1947,157,3142,2155,135,3068,2022,129,2895,2006,214,4752,3114,120,4430,2868,111
19-05-96,2935,1949,150,3171,2201,165,2864,2039,146,3048,2027,210,4300,2689,123,4438,2824,133
20-05-96,3127,2123,153,3058,2064,150,3166,2194,196,3026,1964,197,4983,3414,160,4672,3045,132
21-05-96,3022,1985,169,3177,2173,175,3047,2054,168,3106,2152,211,4794,3075,153,4368,2743,118
22-05-96,3065,2112,156,3245,2050,176,2915,2003,187,2790,1883,159,4237,2876,117,4376,3111,95
23-05-96,2865,2003,158,3375,2174,196,2849,1764,145,2545,1690,163,4568,2876,151,4381,2800,123
24-05-96,3406,2428,218,3299,2253,218,2699,1738,132,2502,1744,143,4738,3129,135,4378,2941,107
25-05-96,2835,1831,167,3053,2116,177,3105,2018,121,3194,2201,220,4721,3096,117,4646,3087,111
26-05-96,2942,2054,156,3082,2080,151,2955,2060,127,2835,1795,164,4905,3145,125,4315,2830,94
27-05-96,2945,1876,188,2971,1940,187,3080,2104,160,2924,2038,187,4606,3039,127,4583,3005,136
28-05-96,3163,2170,155,3286,2221,217,2896,1952,148,2920,1910,201,4843,3106,150,4579,2940,130
29-05-96,3275,2283,174,3106,2168,180,2838,1728,182,2982,1927,203,4712,3019,131,4458,2890,96
30-05-96,2922,1943,143,3186,2189,169,2665,1647,147,3086,2031,213,4752,2873,178,4766,2989,135
31-05-96,3154,2186,120,3032,2031,149,2773,1786,97,2965,2073,249,4877,3119,166,4887,2960,136
01-06-96,3179,2174,143,3085,2126,182,2682,1735,102,2786,1780,103,4902,3223,140,4673,3044,131
02-06-96,3176,2049,146,3022,2004,193,2747,1791,121,2737,1765,134,5409,3555,175,5096,3226,187
03-06-96,3060,2045,178,3135,2144,163,2626,1610,137,2693,1847,124,4751,3087,142,4733,3017,141
04-06-96,3093,2140,121,3265,2207,144,2218,1439,98,2549,1766,140,4050,2365,148,5041,3266,144
05-06-96,3309,2263,169,3240,2239,191,2747,1741,101,2702,1797,173,5066,3312,157,4505,2833,146
06-06-96,3415,2367,164,3159,2123,164,2715,1675,98,2957,1901,192,5137,3441,157,4690,3093,144
07-06-96,3535,2280,177,3355,2326,215,2659,1702,112,2878,1983,132,5171,3059,201,4684,2975,165
08-06-96,3676,2481,169,3432,2354,199,3015,1975,115,2565,1660,133,4928,2805,158,4722,3154,135
09-06-96,3262,2019,140,3342,2256,157,2667,1811,85,2878,1994,170,4743,2975,183,4993,2947,191
10-06-96,3376,2154,189,3298,2170,208,2679,1776,118,2952,1963,189,4743,2975,143,4946,3256,119
11-06-96,3168,2037,203,3231,2207,187,2858,1763,149,2701,1883,165,5249,3440,128,5002,3240,156
12-06-96,3194,2130,169,3110,2158,159,2809,1756,107,2542,1818,145,5077,3418,127,4949,3146,113
13-06-96,2960,1957,181,3225,2177,206,2996,2079,126,2693,1748,154,3040,2117,68,4984,3212,131
14-06-96,3109,2170,171,3196,2138,186,3015,2035,112,2736,1778,189,5230,3370,139,4968,3202,125
15-06-96,3232,2217,113,3212,2207,141,2463,1509,108,2789,1852,153,6135,3237,127,5036,3255,135
16-06-96,3120,2164,200,3072,1981,197,2679,1653,94,2863,1958,183,5226,2831,256,4751,2806,182
17-06-96,2078,2201,169,3168,2164,165,2768,1871,113,2574,1671,188,4606,2877,131,4786,3144,110
18-06-96,3239,2254,139,3084,2146,136,2772,1868,108,2530,1660,147,5096,3330,132,4744,3068,120
19-06-96,2906,2072,151,2976,1917,155,2589,1670,122,2867,1935,183,5040,3349,136,3351,2543,67
20-06-96,3123,2083,153,2859,1873,157,2894,1762,150,3230,2096,178,4904,3062,164,3961,2485,98
21-06-96,3011,2087,129,3095,2133,152,2752,1687,102,2966,1943,186,5378,3542,163,4882,3148,123
22-06-96,3212,2197,154,2960,1995,156,2665,1636,96,2920,1948,201,4485,3010,126,4615,3252,104
23-06-96,3233,2156,207,3192,2046,147,2573,1613,106,2927,1999,167,5369,3549,174,4702,2978,134
24-06-96,3059,2077,177,2815,1796,149,2466,1573,96,2958,2053,189,4965,3291,136,5209,3290,146
25-06-96,3144,2066,173,3248,2264,159,2865,1793,126,3060,2017,181,5289,3539,165,5667,3017,103
26-06-96,3343,2317,207,3023,2041,157,2764,1929,105,3083,2183,194,5259,3452,131,4634,3011,102
27-06-96,3118,1977,134,2817,1856,155,2993,1829,108,3015,1945,172,5187,3153,193,5115,3399,165
28-06-96,3302,2077,168,2983,2067,140,2615,1687,118,3141,1922,201,5268,3366,155,4983,3181,137
29-06-96,3252,1999,205,2862,1972,126,2664,1753,136,3125,2003,206,5127,3267,144,5053,3347,122
30-06-96,3119,2021,115,2833,1833,150,2629,1696,81,2953,1984,162,4951,3186,153,4728,3188,117
01-07-96,3094,2039,139,2965,1978,95,2485,1603,82,2846,1861,102,5015,3265,149,4931,3223,134
02-07-96,3297,2205,129,2888,1989,118,2546,1576,112,2932,1903,144,5416,3631,165,5386,3408,199
03-07-96,3185,2185,147,2938,1980,144,2282,1403,84,2764,1810,105,5149,3404,145,4932,3153,145
04-07-96,3232,2240,165,2764,1819,146,2794,1794,95,2322,1616,149,4273,2499,157,4131,2626,105
05-07-96,3026,2042,139,2993,1942,132,2776,1827,103,2464,1663,136,5186,2966,194,4760,2992,157
06-07-96,2892,1920,153,3164,2199,184,2603,1648,83,2695,1749,132,5334,3228,212,4941,3266,146
07-07-96,3452,2323,166,3147,2193,148,2648,1705,77,2624,1818,150,5339,3613,129,4921,3138,168
08-07-96,3335,2271,163,3176,2144,184,2483,1535,107,2339,1579,138,3236,2235,76,4957,3327,141
09-07-96,3590,2488,190,3063,1985,196,2473,1513,126,2624,1695,129,5358,3501,168,5251,3110,201
10-07-96,3102,2094,143,3182,2205,169,2794,1813,112,2691,1795,172,4939,3078,156,5148,3372,123
11-07-96,3022,2022,157,3249,2073,185,2465,1573,86,2463,1697,143,4963,3110,153,5242,3414,158
12-07-96,2988,1963,167,3292,2130,168,2516,1562,98,2318,1565,146,5547,3617,190,5089,3208,124
13-07-96,3105,2167,199,3304,2276,211,2452,1709,115,2456,1709,145,5315,3492,154,5128,3297,137
14-07-96,3080,2202,179,3111,2003,180,2259,1608,117,2495,1692,142,5279,3412,144,5010,3242,128
15-07-96,3176,2240,121,3380,2282,176,2433,1637,90,2543,1635,168,5508,3613,133,5046,3173,135
16-07-96,3045,2055,139,3026,2070,115,2483,1706,94,2702,1855,94,5437,2971,277,5088,3352,123
17-07-96,3265,2240,121,3037,2105,194,2565,1739,87,2849,1920,131,4689,2914,133,4879,3169,113
18-07-96,3070,2128,132,2816,1966,228,2569,1583,69,2864,1859,149,5098,3304,127,4843,3086,123
19-07-96,2986,2019,122,3120,2103,193,2437,1491,69,2785,1941,131,5259,3499,144,3547,2689,73
20-07-96,3225,2080,177,2931,2002,208,2469,1600,89,2811,1802,138,5435,3588,178,5109,2301,146
21-07-96,3158,2078,148,3049,2025,195,2423,1476,111,2790,1830,153,5204,3331,167,4742,2975,128
22-07-96,2945,1932,156,2915,1976,160,2775,1923,105,2697,1883,151,4517,3018,130,4641,3243,104
23-07-96,3137,2130,163,3143,2030,123,2561,1565,112,2669,1826,131,4886,3048,164,4678,2964,134
24-07-96,3049,2092,155,2773,1825,133,2655,1686,79,2662,1709,168,4950,3195,137,4709,3095,117
25-07-96,3663,2192,199,2819,1956,149,2285,1424,103,2704,1728,173,5196,3346,134,4800,3080,106
26-07-96,2845,1920,134,2978,2004,167,2384,1521,98,2945,1888,171,4982,2934,181,4627,2997,104
27-07-96,3005,2064,150,3199,2073,163,2470,1529,87,2614,1764,170,5177,3417,149,5004,3284,149
28-07-96,3048,2121,149,2775,1823,178,2550,1599,125,2361,1525,130,5304,3360,166,5293,3200,151
29-07-96,3157,2159,183,2938,1977,170,2682,1738,142,2347,1638,138,5166,3276,146,4947,2947,199
30-07-96,3096,2115,204,2790,1906,173,2397,1479,91,2612,1763,167,5253,3430,136,4996,3064,136
31-07-96,3204,2067,205,2893,1814,168,2569,1652,87,2586,1671,153,5282,3373,182,5016,3179,146
01-08-96,3096,2161,180,2933,1892,141,2482,1601,84,2458,1612,120,4999,3239,160,4736,3046,134
02-08-96,3142,2159,129,2857,1968,149,2306,1471,81,2688,1863,159,4816,3085,149,5063,3137,190
03-08-96,2942,1898,153,2906,1959,128,2501,1611,118,2316,1563,109,5156,3329,133,4737,3109,113
04-08-96,3242,2136,152,2734,1829,112,2567,1689,100,2757,1781,127,4098,2384,166,3949,2498,109
05-08-96,2811,1867,155,3130,2107,178,2515,1743,161,2333,1617,124,5019,2977,203,4443,2771,148
06-08-96,3356,2306,232,2961,2025,157,2850,1764,157,2839,1879,182,5107,3484,157,4746,3133,145
07-08-96,3031,1955,173,3113,2151,199,2522,1758,98,2617,1630,154,5130,3411,129,4737,2970,168
08-08-96,3007,2072,162,3344,2257,194,2538,1736,114,2942,1898,162,4706,3068,128,4525,3007,123
09-08-96,3015,2089,799,3269,2243,170,2705,1931,111,2537,1763,162,4893,2772,186,4958,2905,194
10-08-96,2938,1892,144,3256,2198,186,2658,1815,141,2489,1720,97,4706,2928,153,4902,3201,121
11-08-96,2904,1911,148,3214,2243,206,2832,1736,110,2312,1491,134,3108,2147,71,4911,3140,158
12-08-96,3481,2308,198,3147,2127,186,2854,1841,125,2457,1568,106,5348,3537,175,4894,3032,110
13-08-96,3082,2152,139,3030,2088,206,2371,1439,83,2617,1795,120,5101,3279,152,4934,3098,135
14-08-96,2995,2076,198,3142,2171,229,2579,1596,116,2684,1812,156,5327,3402,152,5064,3234,137
15-08-96,3009,2151,169,3078,2047,151,2554,1604,105,2450,1575,169,4828,3083,145,4913,3149,129
16-08-96,3068,2105,150,2862,1972,100,2532,1626,111,2685,1726,177,5219,2794,263,4734,2768,188
17-08-96,2920,2024,187,2760,1863,177,2617,1722,84,2878,1917,170,4557,2851,133,3416,2580,69
18-08-96,2921,1972,155,2906,1895,169,2603,1765,96,2804,1943,154,5022,3244,121,4676,2983,114
19-08-96,2964,1989,175,2745,1847,113,2487,1651,87,2692,1925,172,5033,3354,145,4744,3026,145
20-08-96,3049,2086,192,3165,2102,165,2620,1816,101,2842,1836,168,5337,3424,173,5021,3255,144
21-08-96,2962,1970,172,2946,2053,165,2645,1817,101,2635,1839,169,5268,3400,167,4795,3031,128
22-08-96,3075,2131,188,2789,1877,178,2738,1785,90,2612,1760,159,4483,2985,126,4618,3229,104
23-08-96,2963,1967,112,2744,1896,129,2605,1597,81,2857,1900,163,4820,2987,164,4622,2904,134
24-08-96,2766,1779,127,3109,2077,165,2559,1651,102,2642,1725,156,4973,2985,197,4671,3098,119
25-08-96,3069,2019,199,2884,1993,185,2433,1584,78,2783,1784,189,5022,3263,127,4742,3032,106
26-08-96,3173,2196,175,3016,2077,165,2311,1474,88,2892,1894,185,5335,3524,142,4724,3083,110
27-08-96,2949,1991,156,2994,2209,174,2784,1712,95,2553,1649,151,5062,3339,149,5169,3081,146
28-08-96,3087,2118,920,3004,2076,154,2613,1641,92,2612,1591,144,5139,3306,166,4863,3126,146
29-08-96,2960,2051,181,2786,1992,159,2831,1747,99,2718,1669,174,5029,3174,144,4950,3249,122
30-08-96,3225,2161,187,2904,1998,186,2473,1506,109,2556,1682,148,4920,3198,141,4973,3119,148
31-08-96,2858,1843,132,2899,1957,154,2517,1480,96,2695,1749,170,5155,5246,178,4903,3216,149
01-09-96,3266,2178,176,2901,1981,134,2654,1720,101,2515,1622,161,4878,3168,149,4801,3130,134
02-09-96,3159,2189,186,2826,1970,203,2680,1868,91,2506,1749,98,5194,3387,137,5239,3312,195
03-09-96,3097,2125,195,2929,1974,129,2464,1565,84,2746,1854,176,5035,3283,136,4753,2765,188
04-09-96,3056,2130,177,2704,1863,157,2886,2055,127,2677,1799,155,4872,2779,183,4009,2550,101
05-09-96,2955,2027,183,2876,1944,152,2945,2023,85,2365,1551,163,5088,3296,161,4527,2823,148
06-09-96,2998,2021,177,3096,2077,127,2763,1915,102,2514,1614,138,5249,3524,159,4789,3169,146
07-09-96,3094,2113,198,3079,1971,206,2014,1728,118,2547,1625,148,5755,3983,212,5351,3336,276
08-09-96,3203,2220,186,3045,2098,134,2637,1701,79,2596,1760,151,4139,3423,155,4650,3084,135
09-09-96,2886,1925,182,3109,2074,165,2634,1839,103,2678,1759,131,4831,3152,138,4946,2920,191
10-09-96,2892,1868,165,2998,2048,138,2964,2013,119,3010,2074,169,4853,3085,145,4924,3186,121
11-09-96,2683,1747,172,3112,2160,212,2615,1865,97,2905,2013,198,5181,3137,208,4959,3200,166
12-09-96,2870,1980,166,3180,2057,169,2678,1856,118,2387,1618,153,3127,2172,71,5082,3265,118
13-09-96,2887,1949,179,3222,2168,151,2599,1676,135,2821,1800,147,5216,2397,152,5036,3210,135
14-09-96,2771,1868,163,3235,2229,155,2396,1457,91,2370,1529,139,5197,3364,144,4938,3197,129
15-09-96,2832,1937,184,3189,2153,175,2579,1718,108,2750,1730,151,4729,2909,153,4934,3153,132
16-09-96,2954,2047,165,2873,1979,129,2616,1763,115,2747,1783,151,5234,2790,262,4721,3072,103
17-09-96,2822,1905,144,2932,2096,155,2570,1771,98,2796,1837,179,5092,3232,169,4757,3086,110
18-09-96,3036,2022,194,2923,1977,164,2875,1826,121,2849,1977,165,5098,3334,132,4750,3072,121
19-09-96,2937,2047,170,3064,2139,196,2715,1645,98,2923,1865,178,4469,2982,130,4665,2964,139
20-09-96,3086,2052,198,2975,2008,170,2893,1837,98,2612,1810,167,5295,3488,174,4977,3213,144
21-09-96,2647,1776,151,2893,1993,185,2402,1463,89,2672,1841,158,4580,2825,131,4642,2885,128
22-09-96,2942,2009,188,2730,1837,167,2529,1555,96,2782,1883,175,5106,3360,149,4598,3226,104
23-09-96,2843,1868,173,2715,1857,157,2659,1641,106,2703,1827,173,4741,2987,165,4929,3228,149
24-09-96,2742,1914,156,3076,1990,197,2708,1806,87,2907,1887,160,5067,3042,197,4665,3103,119
25-09-96,2917,1969,201,2984,2056,173,2864,2039,83,2945,1876,218,5015,3296,127,3440,2611,69
26-09-96,2836,1946,164,2756,1902,185,2749,1894,96,2771,1915,150,5550,3682,178,4440,2870,104
27-09-96,2795,1780,193,2854,1949,166,2745,1902,140,2869,1945,181,4962,3282,136,4542,2906,134
28-09-96,2794,1802,179,2961,1996,190,2586,1642,98,2752,1777,157,5263,3411,166,4975,3228,146
29-09-96,2879,2050,158,2972,1926,169,2705,1618,116,2696,1761,173,5029,3189,144,4963,3268,122
30-09-96,2944,2028,132,2864,1968,146,2724,1757,150,2672,1868,155,4905,3204,141,5079,3163,149
01-10-96,3135,2116,182,3035,1967,140,2698,1740,119,2840,1786,182,4844,2931,193,4905,3095,183
02-10-96,2865,1842,160,2956,2049,157,2725,1902,85,2465,1590,145,4579,2977,138,4508,2944,125
03-10-96,2996,2010,147,3065,2069,135,2516,1673,86,3000,2058,117,4817,3145,120,4551,2677,177
04-10-96,3064,1986,168,2829,1794,164,2935,1805,126,3109,2155,149,3849,2250,143,3717,2363,95
05-10-96,3040,1985,192,3239,2232,207,2996,2079,168,2924,1974,161,4889,3197,151,4349,2734,141
06-10-96,3174,2215,162,3008,2030,172,2865,1745,112,2681,1732,115,4944,3317,149,4508,2979,135
07-10-96,3168,2138,203,3186,3052,172,2862,1938,140,2448,1611,130,4915,3206,121,4515,2871,159
08-10-96,3149,2091,156,3252,2140,205,2684,1836,91,2630,1738,142,4718,3111,137,4540,3045,130
09-10-96,3178,2272,200,3136,2092,185,2622,1620,94,2766,1875,183,4749,2711,176,4815,2843,186
10-10-96,3515,2453,209,3221,2174,196,2435,1663,71,2762,1862,177,4569,2869,144,4766,3143,114
11-10-96,3394,2318,214,3256,2234,189,2645,1643,87,2442,1582,144,4888,3295,122,4683,3025,149
12-10-96,3584,2491,229,3327,2306,170,2723,1765,120,2588,1703,150,5132,3342,173,4696,2962,110
13-10-96,3467,2343,201,3370,2275,209,2659,1742,101,2865,1985,149,4974,3230,145,4784,3045,124
14-10-96,3398,2253,214,3384,2186,196,2896,1937,119,2596,1672,166,4284,2885,121,4781,3084,123
15-10-96,3159,2038,123,3336,2095,214,2678,1758,110,2596,1706,156,4664,2996,145,4743,3058,129
16-10-96,3066,2125,196,3205,2080,199,2769,1786,105,3018,1959,193,5005,2702,246,3239,2456,67
17-10-96,3098,2122,177,3112,2125,146,2755,1898,121,2759,1802,160,4422,2766,127,4609,3023,107
18-10-96,3112,1995,189,3218,2082,187,2635,1702,98,2873,1999,195,4783,3107,121,4461,2863,114
19-10-96,3009,2025,172,3068,2071,144,2792,1715,95,2778,1800,178,4845,3204,133,4552,2896,137
20-10-96,3206,2209,205,3122,2070,162,2795,1747,132,2804,1881,154,5129,3404,162,4552,2931,102
21-10-96,3228,2176,184,3067,2083,147,2914,1766,111,2836,1954,213,4918,3136,163,4476,2798,123
22-10-96,3119,2021,206,2996,2091,198,2754,1779,83,2877,1923,214,5043,3256,134,4410,3116,98
23-10-96,2905,1897,166,3027,1928,191,2704,1668,132,2791,1809,117,4669,2937,153,5028,3043,139
24-10-96,3387,2340,213,2855,1936,194,2572,1615,95,2779,1979,142,5016,3206,170,4540,3046,117
25-10-96,3222,2159,197,2883,2015,153,2442,1651,134,2942,2051,141,2935,2039,68,4892,3074,137
26-10-96,3332,2276,190,2840,1917,153,2463,1571,121,2692,1814,156,5051,3337,130,4443,2912,99
27-10-96,3097,2146,198,3109,2136,193,2864,1707,126,2842,1833,148,4895,3221,139,4726,3095,139
28-10-96,3242,2185,172,2985,2134,152,2760,1866,130,2861,1954,183,5011,3241,155,4737,3066,137
29-10-96,3107,2138,199,2996,2046,204,2896,1734,136,2963,1979,157,4835,3079,136,4759,3147,115
30-10-96,3225,2177,184,3033,2096,161,2615,1789,115,3041,2050,186,4875,2947,184,4810,3128,139
31-10-96,3164,2149,265,2987,1995,176,2694,1867,105,3002,1975,165,4169,3042,36,4492,2860,126
01-11-96,3089,2054,114,3204,2178,148,2755,1692,94,2940,1896,129,4838,2938,191,4445,2901,122
02-11-96,3112,2035,189,3089,2119,161,2896,1810,110,3070,2109,163,4524,2938,136,4898,3100,183
03-11-96,3089,2156,164,3064,2056,147,2736,1748,118,3189,2070,150,4675,3086,134,4507,2914,112
04-11-96,3115,2103,159,3132,2014,139,2804,1806,115,2998,1988,156,4974,3201,136,4726,3043,121
05-11-96,3216,2068,206,3008,2030,165,2722,1865,98,2510,1601,121,4815,3149,150,4277,2688,139
06-11-96,3106,2034,171,2998,2066,177,2506,1521,95,2697,1880,119,4848,3250,147,4427,2925,132
07-11-96,2893,1785,185,3133,2109,191,2698,1659,97,2832,2016,161,4728,3173,121,4371,2764,157
08-11-96,3065,2124,178,3286,2238,187,2762,1726,119,2504,1710,130,4928,3225,145,4497,3017,128
09-11-96,2640,1782,169,3365,2268,215,2744,1875,103,2528,1610,162,4672,2663,176,4731,2794,186
10-11-96,2786,1864,131,3114,2177,215,2947,1824,112,2749,1619,159,4503,2834,141,4697,3102,113
11-11-96,2932,2096,120,3067,2095,163,3014,2104,133,2836,1892,187,4872,3148,123,4646,2969,153
12-11-96,2664,1617,152,3358,2159,215,3014,1944,157,2643,1705,153,5185,3400,169,4725,3012,110
13-11-96,2983,1835,200,3224,2176,187,2598,1676,101,2662,1858,170,3801,2198,142,4828,3046,136
14-11-96,2899,1878,217,3236,2307,197,2564,1767,123,2693,1689,169,2901,2010,68,3666,2307,94
15-11-96,2893,1982,133,3275,2247,190,2776,1696,106,2938,2101,167,4687,3008,137,4770,3077,123
16-11-96,2765,1786,202,3226,2216,206,2849,1960,128,3095,1996,146,4975,2684,243,4519,2658,173
17-11-96,2646,1627,169,3249,2092,188,2835,1792,105,2895,2006,148,4375,2736,124,4545,2984,105
18-11-96,2932,1871,161,3212,2149,202,2711,1735,119,2846,1918,125,4321,2936,119,3195,2418,66
19-11-96,3165,2133,193,3155,2130,167,2873,1776,103,2908,2004,151,4788,3176,130,4505,2863,134
20-11-96,2864,1985,166,3387,2273,173,2876,1806,118,2964,1912,150,5050,3352,161,4723,3078,132
21-11-96,3169,2108,171,3512,2399,165,2998,1840,96,2855,1887,183,4851,3109,153,4420,2773,118
22-11-96,3075,1971,194,3498,2240,219,2834,1828,88,3017,1952,175,4829,3158,121,4455,3178,96
23-11-96,2966,1928,205,3192,2212,172,2776,1705,136,2946,2056,144,4623,2917,151,4746,3042,124
24-11-96,2787,1931,209,3226,2178,219,2643,1633,145,2871,1852,167,4706,3105,134,4486,3012,111
25-11-96,2938,1983,165,3603,2461,191,2782,1900,125,2893,2005,187,4797,3131,118,4535,2920,97
26-11-96,3165,2171,171,3448,2393,210,2835,1914,94,2915,1968,162,4958,3264,127,4364,2851,97
27-11-96,3049,2113,186,3479,2320,223,2961,1993,127,3118,2014,193,4808,2919,182,4695,3088,137
28-11-96,2938,1983,188,3516,2454,193,2867,1878,146,3039,2024,164,4917,3151,150,4645,2978,132
29-11-96,3016,1999,148,3593,2414,226,2872,1758,109,2937,1918,153,4785,3060,133,4708,3128,114
30-11-96,3118,2080,122,3558,2423,192,2836,1852,131,2761,1916,168,4863,3215,138,4441,2834,123
01-12-96,3064,2111,196,3422,2217,233,2885,1780,84,2998,1939,192,4841,3104,149,4765,3066,134
02-12-96,3392,2188,197,3589,2487,187,2686,1733,94,3255,2272,186,4765,3113,129,4946,3169,132
03-12-96,3286,2146,210,3534,2386,198,2793,1838,137,3131,2013,163,5217,3380,133,5702,3165,192
04-12-96,3385,2127,193,3392,2191,207,2764,1915,155,2758,1856,132,4127,2402,166,4973,3129,136
05-12-96,3507,2346,224,3500,2303,186,2636,1703,100,2554,1696,133,5048,3273,160,4477,2796,148
06-12-96,3387,2286,200,3442,2241,220,2771,1906,100,2803,1914,193,5250,3510,160,4799,3160,146
07-12-96,3154,2179,199,3458,2410,186,2619,1616,136,2888,1874,185,5179,3444,131,4786,3003,170
08-12-96,2878,1943,158,3544,2392,223,2684,1739,102,2538,1787,157,3133,2166,71,4587,3051,123
09-12-96,3037,2105,194,3140,2019,192,2605,1650,109,2746,1843,146,4966,2811,189,5020,2945,198
10-12-96,3197,2062,176,3331,2049,199,2398,1600,86,2559,1656,164,4737,2939,148,4938,3214,120
11-12-96,3498,2414,185,3104,2120,211,2582,1789,83,2996,1956,171,5058,3002,203,4971,3185,159
12-12-96,2908,1879,186,3149,2006,202,2644,1713,77,2898,2008,185,5358,3439,174,4917,3047,112
13-12-96,3255,2272,238,3160,2041,174,2817,1710,124,2715,1830,157,5148,3316,153,3974,2511,109
14-12-96,3153,2128,167,3179,2203,219,2820,1743,107,2695,1717,167,5368,3430,152,5100,3258,137
15-12-96,3289,2246,151,3285,2217,168,2866,1986,90,3057,1929,168,4859,3097,146,3442,2582,69
16-12-96,3203,2290,189,3174,2168,197,2714,1742,90,2872,1852,138,5524,2821,265,4771,2792,190
17-12-96,3325,2314,183,3198,2159,182,2748,1827,107,2995,2088,159,4759,2859,133,4753,3115,113
18-12-96,3451,2329,221,3449,2373,197,2744,1844,93,3099,1906,152,5049,3247,123,4709,3012,115
19-12-96,3203,2127,186,3455,2394,186,2834,1933,108,3156,2048,117,5109,3394,145,4794,3062,145
20-12-96,3039,2000,194,3332,2249,227,2663,1848,99,2952,1934,130,5432,3606,176,5091,3312,146
21-12-96,3234,2079,159,3158,2097,226,2536,1555,112,2972,1911,158,5313,3426,169,4833,3054,128
22-12-96,3353,2310,191,3104,2139,146,2726,1832,158,3024,1978,148,4519,3012,130,4655,3263,104
23-12-96,3455,2294,228,3145,2120,164,2714,1748,130,2912,2018,186,4844,2999,164,4645,2918,134
24-12-96,3124,2181,166,3140,1937,201,2596,1552,101,2903,1945,168,4967,3249,141,4727,3147,119
25-12-96,3450,2381,221,3389,2315,200,2769,1703,114,3077,2105,203,5053,3289,127,4771,3067,106
26-12-96,3196,2132,185,3534,2382,223,2762,1837,91,2965,2061,169,5355,3521,142,4715,3075,110
27-12-96,2885,1947,182,3522,2299,204,2864,1927,109,2927,1891,187,5129,3384,150,4959,3255,150
28-12-96,3014,1938,166,3386,2367,217,2717,1680,114,2974,1981,187,5175,3327,166,4899,3148,146
29-12-96,3154,2056,202,3264,2203,186,2659,1603,101,2920,1921,131,5081,3217,145,4989,3286,122
30-12-96,3098,2008,189,3337,2229,214,2537,1586,86,3084,2137,210,5000,3012,197,5005,3137,148
31-12-96,2899,1878,217,3283,2341,167,2614,1869,84,3179,2263,181,5170,3263,178,5194,3095,146
01-01-97,3282,2153,144,3205,2141,205,2845,1943,88,3006,1933,132,5198,3171,286,4959,3199,164
02-01-97,3319,2121,173,3257,2101,134,2636,1779,92,3097,1911,164,5066,3318,162,5145,3545,144
03-01-97,3129,1931,164,3312,2368,126,2931,1946,103,3214,2227,132,5146,3515,211,4986,3371,170
04-01-97,3224,2089,123,3294,2260,145,2879,1903,121,2958,2065,115,4529,2926,172,4877,3238,156
05-01-97,3562,2365,175,3103,1995,149,2933,2021,106,2739,1745,123,5229,3305,230,4964,3117,139
06-01-97,3298,2253,122,3023,2062,124,3050,1961,122,2721,1679,144,5540,3800,205,5115,3156,179
07-01-97,3458,2334,166,3133,2171,166,3018,1968,115,3491,2252,165,5338,3427,246,4868,3354,166
08-01-97,3570,2331,157,2898,1872,136,3150,2035,132,2744,1874,118,5313,3586,271,4503,3040,140
09-01-97,3681,2382,188,3538,2431,152,3026,1891,112,2945,2050,121,5762,3636,254,4928,3183,182
10-01-97,3152,2169,148,3075,2199,126,2938,2018,100,3358,1971,165,5684,3672,210,4848,3166,137
11-01-97,3691,2558,196,3329,2340,193,2820,1819,124,3108,1970,164,5650,3486,215,4886,3337,147
12-01-97,3425,2209,151,3445,2408,134,3075,2119,129,3213,2217,138,5452,3735,191,4646,3145,163
13-01-97,3318,2286,156,3325,2151,143,3082,2083,114,2912,1881,160,5892,3777,259,5007,3230,220
14-01-97,3365,2271,135,3400,2295,139,3133,2159,97,3278,2157,174,5880,3775,218,4685,2942,173
15-01-97,3564,2292,196,3459,2366,163,2888,1944,130,2890,2000,118,5726,3653,218,4827,3364,140
16-01-97,3198,2091,131,2929,1913,135,2964,2001,130,3324,2171,140,5223,3452,193,4684,2928,164
17-01-97,3403,2209,129,3348,2307,184,3002,1930,114,3064,2117,141,5607,3785,213,4666,3224,149
18-01-97,3386,2286,115,3117,2229,146,2996,1995,108,3384,2193,139,4959,3194,218,4624,2955,134
19-01-97,3529,2252,131,3075,2051,126,3097,1998,96,3188,2155,147,5542,3647,205,4707,3064,132
20-01-97,3632,2241,113,2904,2019,154,2908,1771,125,3123,1918,159,5313,3384,165,4998,3239,155
21-01-97,3497,2231,154,3052,1972,143,2768,1763,127,3212,1963,138,5452,3680,240,4745,3246,138
22-01-97,3371,2336,128,3029,2087,134,2977,2039,113,3243,2212,182,5961,3678,221,4570,2902,123
23-01-97,3636,2374,156,3067,2058,163,2964,1995,133,3166,2150,187,5878,3791,341,4560,2982,201
24-01-97,3485,2320,211,2948,1946,180,2835,1831,153,3300,2086,155,5629,3546,231,4746,3023,152
25-01-97,3461,2232,149,3072,2111,169,3024,1981,112,3113,2173,128,5546,3749,261,4686,3238,136
26-01-97,3586,2213,183,3168,1980,165,3016,1924,103,3139,2031,151,5962,4072,262,4629,2745,125
27-01-97,3375,2306,159,3289,2266,158,3128,2021,135,3180,2019,165,5831,3761,222,4831,3155,116
28-01-97,3589,2505,147,3086,1990,142,2967,1940,122,3186,2080,150,5576,3418,262,4811,2858,135
29-01-97,3361,2087,175,3191,2004,160,2904,2012,168,3307,2185,175,5488,3540,225,4898,3223,108
30-01-97,3287,2219,141,3179,1955,134,2770,1859,122,3409,2192,140,5674,3563,255,4914,3346,167
31-01-97,3842,2647,169,2950,1994,139,2855,1907,151,3132,2114,144,5679,3669,301,5099,3386,148
01-02-97,3628,2453,192,3097,2134,139,2772,1902,122,3304,2234,202,5426,3462,239,4892,3126,137
02-02-97,3577,2465,154,3233,2173,171,2992,2020,156,3184,2044,185,5539,3573,216,5075,3482,157
03-02-97,3264,2105,124,3197,1976,157,3085,2048,145,3027,2022,157,5652,3894,209,4918,3167,143
04-02-97,3578,2408,147,3554,2299,146,3028,1962,176,3040,2098,143,5420,3474,238,4811,3324,164
05-02-97,3538,2282,202,3286,2350,174,3083,2103,151,3090,1987,151,5513,3843,320,4897,3389,171
06-02-97,3475,2394,167,3480,2352,150,3174,2146,121,3452,2251,159,5793,3783,180,4802,2963,139
07-02-97,3373,2149,125,3522,2317,166,3208,2210,135,2820,1960,116,5340,3450,198,5046,3149,121
08-02-97,3555,2279,121,3539,2368,134,3183,2149,121,2797,1852,115,5586,3564,179,4442,2967,147
09-02-97,3728,2434,142,3425,2185,195,3313,2147,119,2816,1881,163,5394,3738,205,4862,3068,151
10-02-97,3968,2448,163,3230,2288,155,3234,2170,136,3195,2230,202,5942,3833,261,4820,3215,140
11-02-97,3840,2565,204,3317,2239,139,3090,1999,142,3588,2318,205,5863,3829,223,4940,3354,163
12-02-97,3848,2513,181,3348,2297,144,3241,2233,133,3303,2074,182,5979,3868,203,4783,3166,153
13-02-97,3979,2742,147,3558,2402,171,2966,2002,157,2994,2027,144,5899,3935,218,4622,2903,176
14-02-97,3692,2378,107,3682,2379,150,3037,2092,125,2972,1908,158,4699,2998,160,4583,2952,133
15-02-97,3785,2513,201,3782,2489,197,3196,1854,166,3370,2049,216,5257,3391,173,4762,3043,114
16-02-97,3632,2390,160,3468,2303,153,3257,2088,134,3479,2265,153,5986,3993,263,4604,2983,115
17-02-97,3650,2369,150,3278,2222,125,3058,2012,159,3334,2330,177,5514,3540,226,4644,3088,102
18-02-97,3430,2233,130,3150,2073,132,3151,1913,138,3302,2044,162,5893,4025,218,4682,3020,145
19-02-97,3616,2434,130,3332,2076,147,3158,1860,120,3277,2189,174,5755,3994,351,4562,2892,173
20-02-97,3751,2603,150,3284,2256,122,3117,2079,146,3417,2365,174,5752,3710,254,4621,3364,134
21-02-97,3895,2719,144,3286,2119,138,3143,2021,138,3211,2196,179,6052,3861,241,4512,2784,153
22-02-97,3799,2450,118,3262,2248,117,3180,2191,159,3150,2057,186,5782,3799,254,4931,3501,173
23-02-97,3738,2306,127,3238,2176,126,2982,1912,128,3394,2254,187,6186,4318,241,4682,2893,145
24-02-97,3846,2385,150,3578,2247,161,3131,2113,150,3227,2123,219,5154,3453,191,4492,2839,153
25-02-97,3620,2346,188,3104,2027,118,3120,2016,147,3255,2112,199,6099,3940,207,4624,2973,134
26-02-97,3849,2344,177,3548,2477,170,3290,2009,135,3203,1976,205,6133,3907,245,4567,2868,151
27-02-97,3712,2591,200,3317,2139,146,3054,1945,177,3269,2207,186,5814,3675,221,4567,2891,174
28-02-97,3702,2388,163,3385,2332,176,3172,2322,203,3398,2236,163,5658,3950,181,4742,3329,138
01-03-97,3519,2425,183,3396,2235,156,3212,2046,142,3356,2155,164,5856,3736,258,4786,3087,129
02-03-97,3823,2573,157,3427,2203,199,3184,2222,124,3507,2409,203,5712,3690,234,4923,3038,153
03-03-97,3425,2271,164,3355,2070,138,3260,2103,156,2860,1865,126,5738,3540,212,4756,2996,114
04-03-97,3495,2300,129,3117,2020,147,3479,2397,181,3645,2329,208,5617,3527,270,4714,3220,132
05-03-97,3447,2237,141,3168,2164,139,2976,1919,145,3042,2102,179,5532,3834,183,4885,3297,151
06-03-97,3446,2126,114,2986,2069,148,3312,2262,139,3425,2237,219,5622,3795,214,4638,2987,111
07-03-97,3409,2301,126,3412,2288,167,3431,2165,161,3234,2180,184,5588,3610,257,4939,3151,143
08-03-97,3348,2330,127,3082,1982,170,3310,2009,143,3049,2046,186,6111,3899,232,4586,2830,124
09-03-97,3145,2148,116,3302,2067,208,3251,2055,189,3355,2097,211,5787,4005,208,4533,2924,113
10-03-97,3250,2191,130,3198,2232,166,3417,2204,161,3246,2120,194,5447,3677,169,4510,2877,154
11-03-97,3698,2286,141,3114,2009,153,3407,2347,180,3074,2023,175,6075,3906,207,4933,3187,153
12-03-97,3635,2345,120,3431,2168,161,3444,2325,220,2841,1790,162,4869,3121,166,4389,2919,123
13-03-97,3834,2308,134,3549,2396,185,3472,2132,177,2826,1961,178,6196,4127,235,4893,3127,171
14-03-97,3708,2280,159,3646,2399,179,3317,2133,146,3139,2094,154,6158,4157,228,4664,2878,135
15-03-97,3553,2430,853,3228,2086,165,3557,2341,178,3088,2128,170,6004,3951,186,4712,2969,160
16-03-97,3370,2167,125,3489,2418,185,3496,2409,203,3354,2177,148,5965,3788,227,4568,2933,160
17-03-97,3586,2385,126,3350,2261,137,3283,2180,204,3417,2176,181,6270,4345,226,4732,3137,151
18-03-97,3568,2458,121,3220,2070,151,3383,2087,193,3475,2206,169,6314,4079,215,4619,2979,134
19-03-97,3718,2294,145,3043,2097,134,3390,2163,207,3447,2327,231,5959,4070,250,4516,3112,158
20-03-97,3827,2499,172,3167,2131,168,3347,2112,157,3263,2017,179,5713,3965,211,4832,3440,150
21-03-97,3732,2381,116,2999,1970,126,3374,2304,196,3386,2187,173,6105,4121,195,4595,2978,129
22-03-97,3675,2359,158,3173,2040,168,3414,2202,212,3534,2322,205,6202,3957,236,4493,3195,108
23-03-97,3685,2311,117,3151,2149,158,3201,1978,176,3451,2188,183,5864,3853,217,4663,3306,135
24-03-97,3779,2305,132,3464,2342,163,3361,2181,205,3307,2024,195,6024,3922,229,4589,3153,165
25-03-97,3558,2402,146,3176,2042,168,3349,2187,191,3289,2065,187,5913,3820,201,4356,2814,135
26-03-97,3782,2587,125,3205,2221,147,3532,2285,194,3214,2060,202,6354,4289,280,4467,3167,156
27-03-97,3652,2549,179,3271,2208,190,3279,1961,210,3253,2075,192,5912,4128,219,4415,2592,128
28-03-97,3489,2495,126,3568,2291,150,3405,2090,184,3356,2326,181,5339,3604,203,4289,3054,146
29-03-97,3715,2285,204,3239,2115,129,3286,2129,168,3264,2203,206,5965,3841,262,4866,3397,136
30-03-97,3489,1866,143,3307,1644,192,3135,2063,194,3370,2346,199,6215,2089,261,4693,1150,160
31-03-97,3650,860,179,3428,1289,161,3468,1866,198,3274,1786,200,6446,2164,239,4982,1186,145
01-04-97,3446,898,190,2978,786,128,3403,843,150,3296,865,126,5325,884,234,5053,1056,172
02-04-97,3377,825,128,3367,782,175,3509,865,204,3202,844,141,5475,871,208,4977,1224,154
03-04-97,3769,932,155,3198,764,141,3373,833,179,3194,858,147,5552,894,200,5157,1532,227
04-04-97,3470,893,125,3239,788,172,3152,846,164,3003,896,123,5403,929,227,5021,1165,176
05-04-97,3398,867,153,3025,793,172,3686,889,236,3396,855,160,5739,895,212,4897,1307,142
06-04-97,3399,933,135,3254,787,137,3454,846,200,3524,865,187,4450,863,138,5215,1189,125
07-04-97,3302,1865,126,3148,748,151,3507,833,242,3596,848,176,5227,899,178,4786,1177,168
08-04-97,3201,2017,109,2847,1364,150,3635,1685,156,3683,1866,203,5828,1766,204,4842,2377,136
09-04-97,3362,2293,178,3049,1492,140,3444,2089,193,3522,2065,183,5139,3320,200,5198,3675,192
10-04-97,3204,2067,141,2989,2050,152,3649,2295,197,2968,1864,145,5702,3518,171,4762,3076,114
11-04-97,3584,2308,136,3384,2183,142,3620,2259,188,3828,2534,245,5787,3733,235,4634,2956,153
12-04-97,3656,2413,154,2966,1877,163,3609,2501,199,3409,2206,194,5196,3580,166,4925,2925,202
13-04-97,3752,2540,139,3477,2267,132,3679,2524,235,2983,2037,152,5628,3833,248,5208,3625,198
14-04-97,3646,2490,149,3079,1974,99,3514,2309,236,3243,2095,224,5050,3409,192,4975,3055,169
15-04-97,3536,2436,156,3271,2146,216,3768,2434,219,3228,2179,184,5232,3380,183,5166,3291,160
16-04-97,3666,2365,139,3189,2047,153,3478,2219,153,3427,2313,164,5581,3600,246,4975,3358,184
17-04-97,3518,2171,144,2948,1881,154,3584,2484,183,3555,2297,206,5733,3950,333,5211,3304,151
18-04-97,3574,2352,189,3245,2194,143,3617,2445,210,3624,2381,228,5587,3592,207,4952,3323,173
19-04-97,3323,2157,150,3379,2203,142,3546,2280,167,3649,2255,248,5483,3827,225,4824,3107,164
20-04-97,3503,2295,151,2904,1867,151,3592,2425,208,3522,2409,155,5534,3569,177,5055,3175,137
21-04-97,3624,2236,138,3356,2289,154,3392,2096,217,3588,2303,187,5533,3807,243,5055,3102,136
22-04-97,3633,2503,124,3068,2138,169,3575,2309,196,3473,2424,219,5835,3717,274,4925,3393,118
23-04-97,3684,2479,166,3078,2019,197,3548,2242,206,3711,2475,215,4938,3234,286,4744,3122,161
24-04-97,3509,2228,133,3052,1962,174,3561,2486,182,3620,2263,221,5649,3768,232,4602,3106,115
25-04-97,3729,2416,175,3169,1955,200,3742,2526,202,3454,2221,190,5904,4015,224,4719,3185,137
26-04-97,3726,2381,153,3456,2274,187,3607,2251,245,3438,2273,220,5326,3425,192,4945,3061,178
27-04-97,3440,2274,148,3104,2151,152,3474,2182,198,3427,2378,209,5991,4182,258,4836,3114,184
28-04-97,3663,2370,139,3203,2165,167,3488,2152,223,3415,2100,188,5539,3418,227,5225,3569,172
29-04-97,3602,2374,169,3167,2036,152,3322,2242,176,3524,2410,197,5847,3584,310,5038,3396,191
30-04-97,3551,2290,138,3074,2096,169,3704,2478,237,3375,2204,233,5950,4016,262,4965,3391,169
01-05-97,3576,2425,157,3247,2098,188,3796,2479,137,3468,2296,125,5252,3456,236,5198,3420,213
02-05-97,3502,2234,130,3324,2290,146,3887,2600,187,3159,2025,130,5332,3434,203,5244,3267,199
03-05-97,3413,2106,116,3104,2058,161,3325,2118,123,3369,2301,165,5095,3439,214,5115,3448,133
04-05-97,3598,2393,140,3298,2117,162,3702,2562,193,3874,2615,147,5572,3839,178,4999,3459,140
05-05-97,3482,2343,157,3234,1995,171,3557,2351,164,3361,2077,158,5176,3344,192,5278,3542,127
06-05-97,3762,2438,124,3432,2365,158,3588,2451,151,3128,1986,163,4780,3313,234,5057,3267,167
07-05-97,3498,2424,108,3548,2320,149,3698,2496,192,3783,2580,167,4992,3180,150,4974,3124,174
08-05-97,3885,2611,190,3487,2172,202,3632,2346,178,3708,2503,182,5489,3612,198,5439,3448,239
09-05-97,3302,2130,125,3671,2529,169,3833,2641,211,3586,2212,197,4900,3308,167,5396,3642,173
10-05-97,3465,2141,156,3258,2072,173,3506,2569,179,3573,2462,229,5655,3879,209,5196,3554,192
11-05-97,3768,2611,139,3532,2356,173,3848,2494,196,3705,2571,211,5578,3486,234,5447,3502,169
12-05-97,3867,2610,108,3357,2293,158,3879,2533,190,3139,2018,160,5259,3550,163,5144,3385,144
13-05-97,3759,2624,135,3791,2339,163,3817,2458,199,3412,2368,198,5412,3729,244,4840,3093,165
14-05-97,3384,2281,105,3566,2304,171,3705,2553,159,4069,2771,199,4907,3165,187,5429,3333,190
15-05-97,3778,2437,185,3689,2431,232,3973,2451,163,3396,2167,180,4997,3363,160,5386,3480,146
16-05-97,3684,2350,136,3685,2351,177,3668,2527,235,3607,2352,166,5522,3523,254,5443,3473,136
17-05-97,3644,2412,124,3166,2033,165,3779,2547,208,3705,2386,193,5367,3467,204,5272,3506,179
18-05-97,3425,2117,106,3241,2191,149,3742,2552,191,3812,2604,187,5628,3799,191,5172,3408,197
19-05-97,3611,2329,141,3546,2457,148,3577,2457,204,3775,2499,200,5326,3281,165,5057,3257,223
20-05-97,3626,2531,145,3477,2312,198,3739,2404,202,3841,2370,177,4692,3022,178,5081,3430,188
21-05-97,3735,2521,127,3345,2285,161,3788,2341,178,3742,2462,217,5700,3927,211,5146,3283,180
22-05-97,3744,2419,165,3356,2326,178,3814,2578,191,3606,2279,231,5260,3340,253,5196,3351,161
23-05-97,3797,2498,140,3659,2360,150,3755,2587,162,3705,2401,215,5433,3412,201,4807,3067,149
24-05-97,3616,2510,192,3328,2173,123,3770,2545,219,3498,2274,220,5096,3302,153,5165,3316,196
25-05-97,3584,2419,158,3767,2358,185,3503,2270,172,3551,2461,217,5313,3480,181,4929,3046,143
26-05-97,3712,2398,175,3492,2385,150,3946,2735,241,3828,2584,222,5642,3814,248,5457,3525,131
27-05-97,3545,2443,174,3384,2284,186,3908,2638,207,3592,2213,230,5749,3921,178,4955,3260,109
28-05-97,3776,2436,200,3458,2234,163,3845,2526,188,3617,2380,221,5533,3558,205,5186,3304,176
29-05-97,3843,2548,177,3328,2256,173,3805,2485,202,3634,2337,211,5792,3852,185,5366,3456,188
30-05-97,3839,2476,158,3351,2339,161,3678,2376,235,3905,2452,246,5318,3435,207,5262,3436,153
31-05-97,3789,2592,144,3455,2228,183,3663,2517,209,3654,2467,208,5421,3784,221,5051,3278,162
01-06-97,3736,2402,116,3324,2284,213,3586,2288,219,3575,2309,128,5532,3568,232,5322,3491,165
02-06-97,3626,2364,134,3178,2044,175,3551,2397,206,3473,2285,110,5489,3782,203,5153,3288,149
03-06-97,3815,2354,160,3310,2224,202,3502,2269,179,3793,2439,131,5541,3530,211,5264,3537,174
04-06-97,3699,2549,133,3402,2324,180,3477,2145,188,3257,2238,107,5687,3571,188,5296,3517,143
05-06-97,3823,2466,168,3512,2255,200,3318,2236,179,3465,2124,119,5432,3558,212,5487,3742,198
06-06-97,3717,2293,130,3376,2278,206,3378,2327,233,3202,2068,176,5960,4106,209,5533,3414,161
07-06-97,3997,2442,132,3335,2178,163,3249,2086,208,3224,2038,103,5439,3677,228,5477,3538,131
08-06-97,3508,2291,140,3436,2202,158,3038,1862,173,3554,2232,117,4756,3172,181,5446,3475,169
09-06-97,3998,2719,152,3656,2347,212,3382,2192,166,3822,2546,118,4872,2923,156,5790,3607,168
10-06-97,3595,2326,122,3569,2459,225,3278,2186,180,3236,2243,142,5524,3563,204,5534,3575,194
11-06-97,3681,2337,129,3632,2452,207,3515,2243,218,3753,2533,214,5598,3907,190,5385,3710,178
12-06-97,4108,2641,181,3758,2503,237,3487,2403,199,3518,2262,162,5217,3521,172,5745,3700,195
13-06-97,4127,2716,153,3656,2347,201,3630,2450,196,3684,2266,151,4879,3049,185,5584,3669,168
14-06-97,4003,2574,124,3775,2465,215,3385,2224,210,3820,2598,222,4964,3068,174,5532,3673,149
15-06-97,3852,2448,247,3880,2425,245,3544,2275,202,3698,2385,274,5346,3454,198,5622,3694,197
16-06-97,4084,2638,176,3772,2444,185,3452,2378,108,3719,2449,186,5322,3667,234,5799,3746,162
17-06-97,3914,2697,145,3629,2515,200,3419,2171,150,3575,2413,197,5478,3533,208,5613,3693,185
18-06-97,3872,2489,159,3438,2321,158,3268,2111,137,3947,2439,221,5284,3631,169,5735,3596,218
19-06-97,4014,2709,153,3464,2245,163,3416,2248,198,3661,2358,234,4674,3150,173,5418,3489,184
20-06-97,3836,2505,119,3558,2331,146,3461,2135,163,3820,2632,222,5572,3834,195,5242,3601,163
21-06-97,3807,2513,160,3576,2464,154,3484,2352,261,3729,2506,190,5218,3313,188,5506,3843,160
22-06-97,4014,2577,157,3318,2143,153,3351,2309,214,3747,2353,236,5642,3650,214,5438,3513,190
23-06-97,3639,2456,127,3540,2390,188,3444,2325,200,3648,2357,175,5061,3416,157,5133,3167,185
24-06-97,3766,2346,117,3435,2157,165,3200,2106,154,3703,2544,185,5385,3436,199,5795,3755,209
25-06-97,4098,2533,164,3240,2161,168,3430,2363,189,3715,2385,171,5269,3393,184,5293,3478,154
26-06-97,3984,2538,151,3496,2255,171,3605,2433,177,3930,2684,208,5586,3771,229,5386,3759,151
27-06-97,3784,2528,125,3443,2386,169,3513,2259,200,3892,2697,171,5480,3480,208,5478,3539,192
28-06-97,3944,2556,193,3405,2345,181,3476,2346,170,3931,2535,224,5730,3770,183,5218,3475,141
29-06-97,3968,2599,139,3856,2603,197,3360,2164,165,3857,2657,274,5274,3682,185,5522,3716,166
30-06-97,3722,2401,153,3745,2494,213,3570,2392,229,3820,2449,164,5688,3504,239,5532,3773,199
01-07-97,3943,2654,146,3599,2473,173,3429,2225,151,3473,2285,170,6483,4182,298,5489,3546,154
02-07-97,3771,2330,128,3613,2320,134,3235,2184,188,3489,2254,202,5767,3973,219,5696,3634,125
03-07-97,3686,2554,140,3575,2413,157,3362,2145,165,3411,2244,157,6395,4131,205,5513,3539,132
04-07-97,3661,2471,113,3699,2549,215,3173,2034,181,3348,2163,147,6147,3860,240,5894,3760,171
05-07-97,3578,2301,157,3382,2185,172,3349,2301,180,3446,2405,200,6323,4268,228,5482,3646,148
06-07-97,3649,2244,139,3715,2508,175,3396,2292,197,3197,2088,154,5771,3711,185,5555,3483,194
07-07-97,3764,2270,124,3819,2456,172,3325,2148,173,3229,2076,149,6239,4062,237,5089,3435,143
08-07-97,3545,2443,135,3349,2184,141,3231,2168,158,2960,1826,157,6330,4102,272,4975,3428,169
09-07-97,3464,2310,111,3272,2088,193,3107,2141,180,2948,2031,186,6345,4207,235,5664,3721,176
10-07-97,4055,2575,142,3128,2021,144,3135,2028,201,3156,2130,167,5567,3813,234,5287,3415,143
11-07-97,3949,2535,134,3258,2124,179,2905,1897,166,3249,2089,185,6289,4038,333,5092,3351,153
12-07-97,4027,2529,153,3282,2156,154,3334,2147,177,2930,1869,144,5680,3607,216,5286,3409,137
13-07-97,3631,2342,152,3598,2411,194,3237,2230,165,2909,1940,166,5688,3561,205,5447,3415,191
14-07-97,3944,2516,130,3324,2244,203,3389,2423,184,3472,2392,177,6020,4082,241,5893,3495,183
15-07-97,3786,2586,155,3458,2306,197,3472,2406,222,3149,1943,202,6237,4279,237,5557,3590,156
16-07-97,4028,2711,149,3572,2333,168,3301,2274,162,3249,2232,143,6124,3956,282,5689,3374,148
17-07-97,3959,2435,135,3520,2337,204,3125,2109,166,3379,2183,196,5486,3703,208,5612,3614,124
18-07-97,4161,2696,137,3409,2236,150,3205,2167,141,3388,2334,166,6022,3782,253,5438,3747,152
19-07-97,3962,2468,178,3714,2332,178,3310,2281,156,3586,2381,204,6439,4153,238,5512,3897,143
20-07-97,3802,2544,144,3502,2364,161,3267,2205,134,3472,2267,309,6272,3945,201,5148,3511,180
21-07-97,3959,2554,123,3265,2063,173,3270,2112,190,3405,2172,225,6084,4107,213,5293,3266,164
22-07-97,3755,2587,135,3386,2184,142,3332,2056,173,3327,2219,176,5867,3655,188,5464,3530,159
23-07-97,3715,2500,119,3381,2401,196,3060,1952,144,3266,2250,160,6370,4153,242,5587,3676,168
24-07-97,3592,2317,108,3355,2312,171,3292,2133,191,3315,2238,189,6072,4232,188,5443,3505,185
25-07-97,4042,2498,182,3486,2280,164,3448,2269,152,3537,2310,187,6383,4353,274,5555,3544,150
26-07-97,3915,2556,149,3186,2049,185,3280,2073,190,3505,2303,207,6186,3854,241,5289,3713,143
27-07-97,4001,2677,136,3686,2554,162,3360,2255,158,3572,2207,204,6489,4315,292,5473,3377,131
28-07-97,3892,2522,121,3389,2128,180,3214,2214,186,3472,2222,219,6335,3978,215,5287,3415,153
29-07-97,3733,2550,138,3468,2140,222,3414,2305,164,3664,2557,220,6525,4214,268,5064,3079,162
30-07-97,3930,2484,130,3441,1323,196,3386,2174,176,3572,2450,204,6076,3816,223,5339,3449,235
31-07-97,3860,2636,139,3286,2254,161,3324,2254,193,3376,2279,206,6279,3874,207,5268,3466,200
01-08-97,3609,2396,162,3429,2315,151,3320,2294,146,3261,2107,209,6084,3882,256,5354,3507,145
02-08-97,3503,2231,144,3672,2372,195,3256,2103,189,3294,2270,161,5996,3736,348,5418,3733,157
03-08-97,3584,2215,136,3893,2655,191,3486,2224,171,3220,2174,171,5925,3999,273,5378,3474,129
04-08-97,3694,2493,163,3663,2396,202,3413,2379,195,3020,1942,154,5382,3757,296,4964,3242,174
05-08-97,3643,2237,117,3463,2362,166,3189,2146,156,3415,2247,181,5752,3716,219,5749,3714,161
06-08-97,3394,2291,129,3649,2529,168,3316,2285,192,3559,2239,210,5378,3845,221,5157,3357,108
07-08-97,3575,2317,114,3625,2447,160,3520,2277,172,3543,2285,167,5932,3808,214,5347,3470,144
08-08-97,3555,2250,114,3758,2360,218,3451,2271,197,3480,2398,219,5188,3258,192,5556,3956,178
09-08-97,3861,2490,247,3370,2164,172,3437,2203,131,3516,2437,204,5843,3815,187,5525,3807,210
10-08-97,3942,2476,150,3750,2531,176,3218,2182,142,3007,1915,183,5925,4005,267,5156,3284,150
11-08-97,3866,2436,174,3506,2447,172,2982,1947,140,3315,2131,189,5300,3604,196,5748,3840,201
12-08-97,3470,2311,128,3327,2239,140,3323,2157,173,2989,1844,197,5593,3596,246,5313,3491,144
13-08-97,3969,2679,167,3469,2359,198,3479,2289,170,2967,1908,181,6089,3824,237,4853,3135,116
14-08-97,3685,2550,173,3648,2368,175,3422,2204,198,3542,2242,202,5842,3897,204,4967,3268,154
15-08-97,3637,2506,138,3663,2473,190,3564,2274,181,3212,2139,218,5627,3635,208,5420,3751,157
16-08-97,3516,2268,120,3569,2266,175,3208,2076,141,3314,2283,159,5728,3758,241,5472,3754,153
17-08-97,3917,2597,145,3456,2371,190,3397,2256,177,3456,2283,179,6039,3792,332,5376,3451,129
18-08-97,3875,2678,120,3552,2280,163,3290,2267,161,3658,2257,209,5875,3783,241,5163,3186,150
19-08-97,3811,2603,171,3311,2198,175,3353,2069,194,3447,2327,221,5102,3275,189,5330,3347,144
20-08-97,3832,2472,138,3642,2396,174,3388,2348,156,3474,2373,184,5972,3900,257,5304,3426,186
21-08-97,3847,2493,150,3765,2455,180,3420,2305,115,3394,2216,200,5937,3841,226,5450,3804,169
22-08-97,3654,2459,113,3428,2310,182,3140,2028,217,3542,2288,223,5984,4123,203,5024,3246,141
23-08-97,3959,2704,178,3433,2190,175,3356,2312,191,3332,2276,190,6088,3866,213,5549,3823,189
24-08-97,4073,2513,163,3332,2322,140,3379,2281,166,3381,2086,213,5690,3551,250,5259,3550,126
25-08-97,3869,2496,147,3517,2209,165,3367,2182,145,3608,2453,137,5629,3698,197,5158,3363,139
26-08-97,3875,2414,136,3489,2435,202,3539,2311,202,3576,2271,157,5882,3776,188,4938,3378,138
27-08-97,3676,2511,121,3732,2519,161,3459,2176,166,3738,2441,236,5581,3672,257,5338,3347,112
28-08-97,3722,2390,167,3231,2078,158,3299,2141,181,3644,2502,193,5682,3597,188,5138,3304,164
29-08-97,3944,2556,146,3437,2255,196,3411,2244,160,3644,2343,208,6124,3956,276,5207,3338,120
30-08-97,3708,2288,126,3401,2183,163,3476,2350,181,3542,2185,241,5678,3566,233,5422,3568,136
31-08-97,3689,2346,122,3534,2184,194,3504,2257,168,3644,2343,208,5476,3532,318,5309,3419,191
01-09-97,3755,2433,173,3614,2378,159,3425,2360,158,3464,2366,184,5649,3649,260,5332,3509,203
02-09-97,3683,2272,140,3592,2270,190,3245,2310,169,3538,2392,173,5585,3507,195,5422,3600,146
03-09-97,3677,2368,114,3606,2474,169,3352,2142,161,3479,2397,230,6132,4384,196,5389,3675,129
04-09-97,3781,2605,129,3408,2205,198,3284,2210,138,3435,2209,247,5036,3253,191,5022,3480,110
05-09-97,3510,2267,105,3832,2521,176,3037,1965,170,3462,2361,197,5645,3551,248,5389,3481,151
06-09-97,3337,2059,160,3375,2150,142,3175,2089,140,3399,2247,173,6173,3809,321,5265,3312,132
07-09-97,3414,2304,130,3406,2179,160,3100,1996,161,3337,2179,220,5810,3823,238,5485,3752,170
08-09-97,3519,2245,109,3699,2434,181,3192,2199,137,3218,2088,187,5815,3757,192,5568,3586,189
09-09-97,3470,2273,125,3274,2020,147,3184,2149,156,3185,1959,194,5905,3868,319,5286,3478,148
10-09-97,3233,2240,113,3568,2341,189,2974,1915,155,2950,1915,156,6014,3831,235,5645,3912,164
11-09-97,3406,2204,157,3414,2304,150,3093,2035,145,3146,2013,154,5418,3625,190,5513,3561,132
12-09-97,3386,2313,176,3692,2523,214,3219,1986,187,2938,1857,156,6033,3849,205,5022,3505,166
13-09-97,3306,2235,126,3592,2245,205,3002,1975,147,2920,1910,187,5615,3790,213,5164,3336,181
14-09-97,3438,2290,144,3606,2337,249,3200,2205,163,2899,2009,165,6002,3997,264,5553,3543,206
15-09-97,3422,2207,154,3372,2081,206,2782,1794,131,3239,2209,204,5646,3796,197,5389,3527,190
16-09-97,3745,2389,142,3402,2375,208,3161,2158,202,3256,2222,149,5768,3680,225,5264,3648,163
17-09-97,3556,2294,121,3497,2263,192,3182,2199,185,3460,2221,183,5446,3622,180,5296,3415,180
18-09-97,3539,2222,106,3514,2411,172,3243,2319,198,3560,2403,174,5598,3616,213,5314,3629,149
19-09-97,3839,2453,142,3585,2312,168,3141,2020,173,3560,2325,196,5699,3978,262,5513,3754,171
20-09-97,3731,2432,155,3259,2252,173,3190,2099,156,3525,2429,169,5665,3699,210,5589,3611,162
21-09-97,3709,2289,148,3374,2217,192,3169,1955,168,3497,2210,224,4798,3100,154,5332,3333,144
22-09-97,3893,2562,175,3280,2322,167,3069,2096,187,3652,2392,233,5819,3660,192,5669,3679,136
23-09-97,3812,2432,141,3379,2281,199,2993,1937,159,3304,2134,175,5711,3741,217,5163,3382,149
24-09-97,3964,2672,119,3706,2383,252,2929,1810,167,3394,2094,192,5353,3362,219,5238,3593,168
25-09-97,3771,2508,162,3434,2315,127,3152,2118,170,3316,2315,169,5407,3715,200,5227,3356,141
26-09-97,3622,2470,138,3462,2361,190,3128,2002,160,3461,2187,228,5298,3423,170,5082,3192,158
27-09-97,3578,2286,129,3478,2247,163,3131,2007,200,3376,2279,179,5397,3330,205,5414,3622,141
28-09-97,3769,2431,158,3347,2135,194,3227,2194,183,3574,2309,175,5632,3543,192,5213,3352,183
29-09-97,3853,2454,143,3383,2121,142,3078,2121,213,3368,2314,212,5856,3953,258,5222,3525,178
30-09-97,3838,2525,161,3673,2446,187,3302,2229,188,3238,2024,185,5693,3780,205,5387,3572,151
01-10-97,3940,2715,145,3399,2322,143,3320,2278,153,3343,2193,160,5149,3264,180,5349,3456,176
02-10-97,3845,2442,158,3364,2106,175,3107,2150,159,3052,1981,159,5215,3369,203,5172,3491,145
03-10-97,3656,2362,172,3397,2201,160,3248,2157,153,3364,2203,148,4587,2885,156,5422,3584,146
04-10-97,3914,2634,149,3257,2198,134,3171,2185,140,3033,2090,173,5386,3636,172,5444,3528,131
05-10-97,3369,2315,135,3707,2395,215,3265,2112,160,3598,2292,191,5211,3590,167,4892,3077,181
06-10-97,3832,2464,111,3617,2492,156,3045,1943,177,3011,2011,154,5589,3610,246,5065,3272,162
07-10-97,3616,2437,134,3568,2237,168,3258,2199,140,3185,2080,204,5381,3632,199,5214,3639,151
08-10-97,3550,2336,185,3405,2223,146,3504,2407,186,3614,2230,210,5711,3655,194,4950,3341,173
09-10-97,3583,2300,140,3698,2389,211,3429,2318,195,3674,2359,254,5478,3435,230,4909,3083,187
10-10-97,3667,2303,158,3593,2346,140,3359,2177,165,3567,2240,168,4978,3176,184,4984,3195,145
11-10-97,3445,2250,162,3846,2596,169,3165,2066,130,3531,2306,244,5182,3612,166,4575,3088,119
12-10-97,3529,2266,152,3609,2317,170,3293,2114,155,3445,2377,200,5308,3429,212,4719,3157,175
13-10-97,3559,2395,196,3360,2315,165,3070,2091,150,3389,2186,166,5726,3865,218,4869,3145,156
14-10-97,3478,2202,146,3594,2426,162,3275,2119,190,3467,2264,218,5573,3723,123,4973,3123,169
15-10-97,3688,2519,144,3603,2317,155,2859,1970,123,3597,2241,205,5207,3249,229,5078,3260,147
16-10-97,3930,2535,141,3586,2360,147,3234,2022,149,3594,2307,173,5007,3089,220,4892,3336,142
17-10-97,3939,2588,158,3505,2250,203,3255,2135,186,3698,2359,233,5338,3432,171,4634,3133,162
18-10-97,3567,2418,114,3365,2271,158,3139,2163,160,3632,2423,196,5266,3628,195,4976,3229,159
19-10-97,3729,2331,116,3242,2013,139,3263,2105,160,3493,2194,224,5197,3248,177,4718,3218,175
20-10-97,4015,2734,124,3493,2256,192,3213,1986,170,3382,2344,186,5164,3336,170,4778,3216,182
21-10-97,3706,2379,170,3393,2290,143,3318,2133,176,3415,2192,215,5261,3455,205,4945,3195,158
22-10-97,3973,2678,151,3368,2115,192,3062,2097,205,3516,2373,200,5015,3385,191,5112,3568,179
23-10-97,4131,2656,161,3261,2097,166,3242,2104,224,3892,2440,249,5428,3658,206,4844,3352,170
24-10-97,3576,2439,129,3472,2344,167,2996,1968,159,3507,2395,186,4855,3389,165,5239,3536,189
25-10-97,4000,2692,176,3335,2088,197,3224,2015,158,3675,2267,180,4957,3148,203,4795,3136,134
26-10-97,4057,2588,142,3569,2295,186,3200,2042,170,3496,2321,203,5279,3538,201,5156,3290,165
27-10-97,3927,2537,134,3684,2424,158,3203,2053,154,3582,2482,172,4968,3170,159,4769,3081,186
28-10-97,3865,2466,147,3468,2168,146,3305,2079,145,3363,2196,212,4911,3173,216,4784,3311,167
29-10-97,3706,2542,152,3714,2511,215,3149,2047,179,3712,2368,204,5389,3465,194,4873,3143,156
30-10-97,3903,2689,144,3426,2134,182,3378,2182,226,3596,2312,248,4342,2722,165,5078,3433,193
31-10-97,3756,2528,143,3468,2233,163,3286,2264,174,3445,2374,183,5231,3212,225,4836,3151,130
01-11-97,3731,2410,119,3567,2411,185,3166,2134,155,3459,2241,156,5161,3241,351,4568,3083,151
02-11-97,3735,2458,164,3603,2335,177,3243,2234,178,3481,2360,212,5126,3311,200,4612,2966,175
03-11-97,3639,2274,135,3611,2499,152,3389,2179,146,3724,2462,216,5187,3491,187,4517,2959,167
04-11-97,3652,2228,168,3562,2404,167,3266,2133,219,3454,2331,169,5196,3564,239,4650,2925,149
05-11-97,3665,2236,128,3453,2293,145,3153,1971,164,3407,2201,143,4948,3424,218,4489,3030,175
06-11-97,3496,2248,112,3768,2611,170,3096,1944,139,3692,2462,266,5292,3630,254,4542,2798,123
07-11-97,3464,2259,128,3708,2381,197,3338,2300,140,3740,2476,239,4541,3097,204,4932,3171,178
08-11-97,3585,2499,165,3819,2666,187,3513,2266,207,3528,2431,205,5191,3608,202,4533,2956,132
09-11-97,3284,2122,135,3929,2715,196,3590,2488,201,3159,2132,164,5368,3468,193,4682,3025,159
10-11-97,3659,2403,139,3825,2586,199,3441,2364,200,3116,2063,150,5569,3759,212,4842,3186,150
11-11-97,3384,2210,142,3833,2465,176,3374,2176,216,3139,2012,160,5625,3898,231,4951,3431,158
12-11-97,3418,2218,113,3611,2354,206,3283,2262,151,3622,2307,196,5372,3825,199,4889,3168,191
13-11-97,3447,2327,131,3807,2391,221,3355,2164,178,3560,2414,203,5465,3530,230,5204,3450,208
14-11-97,3211,2017,148,3976,2684,195,3247,2137,208,3802,2536,198,5626,3904,219,5068,3238,177
15-11-97,3402,2198,129,3919,2532,176,3131,2070,172,3296,2251,162,5586,3648,257,4967,3219,144
16-11-97,3555,2229,135,3568,2451,150,3335,2161,224,3502,2339,186,5242,3486,215,4826,3127,140
17-11-97,3787,2621,174,3461,2398,159,3313,2236,192,3320,2141,146,5176,3525,197,4684,3096,155
18-11-97,3967,2515,175,3665,2287,158,3293,2127,161,3612,2427,188,4978,3256,159,4747,3238,180
19-11-97,3724,2342,175,3597,2385,173,3346,2252,147,3582,2285,176,5243,3424,194,4954,3146,183
20-11-97,3533,2335,148,3612,2438,188,3216,2216,170,3602,2385,191,4820,3186,212,4815,3110,154
21-11-97,3515,2373,130,3802,2566,186,3368,2139,192,3534,2279,180,5261,3625,205,4922,3091,172
22-11-97,3308,2292,132,3762,2415,162,3322,2146,183,3727,2475,175,5142,3224,216,4764,3282,163
23-11-97,3746,2539,131,3464,2307,166,3137,2074,216,3538,2452,205,5321,3278,261,4596,3015,165
24-11-97,3867,2405,170,3512,2353,193,3279,2125,200,3759,2515,237,5317,3419,186,5134,3296,200
25-11-97,3741,2420,157,3726,2601,168,3281,2261,187,3518,2399,201,5276,3577,216,4737,3027,166
26-11-97,3827,2641,145,3904,2448,168,3303,2256,175,3928,2549,251,4258,2678,196,4753,3223,186
27-11-97,3822,2469,138,3889,2781,179,3227,2075,197,3429,2184,161,4878,3151,239,4797,3070,168
28-11-97,3533,2385,173,3618,2330,163,3462,2198,204,3703,2451,230,4938,3101,212,4875,3183,180
29-11-97,3684,2350,111,3672,2416,147,3386,2177,163,3615,2267,188,4926,3414,192,5182,3591,166
30-11-97,3776,2424,166,3536,2270,194,3069,2047,184,3720,2455,182,4987,3366,185,5097,3446,148
01-12-97,3884,2622,159,3547,2423,163,3264,2148,180,3756,2411,207,5203,3377,229,4865,3075,190
02-12-97,3763,2386,177,3605,2257,148,3189,2210,204,3822,2488,233,5237,3336,241,4798,3205,134
03-12-97,3707,2328,145,3454,2394,162,3288,2318,201,3645,2508,193,5229,3530,214,4912,3075,133
04-12-97,3615,2440,148,3412,2303,147,3316,2136,176,3382,2259,233,5171,3340,233,4871,3376,166
05-12-97,3564,2302,128,3653,2360,157,3075,2048,148,3742,2552,217,5330,3688,208,4810,3252,154
06-12-97,3582,2411,115,3448,2210,169,3164,2145,165,3322,2073,173,5232,3474,220,5114,3155,138
07-12-97,3858,2492,147,3659,2470,190,3082,1966,179,3564,2263,228,4607,2972,212,5086,3474,132
08-12-97,3783,2353,129,3642,2378,168,3386,2228,183,3465,2367,198,4998,3489,215,4982,3198,144
09-12-97,3468,2209,142,3744,2580,206,3214,2169,212,3118,2067,162,5406,3654,276,4743,3107,152
10-12-97,3596,2427,140,3303,2071,165,3249,2086,172,3522,2265,243,5650,3633,277,4693,3032,169
11-12-97,3790,2323,182,3667,2325,180,3162,1986,155,3763,2589,215,5596,3777,213,4964,3122,154
12-12-97,3862,2649,151,3804,2492,164,3458,2300,190,3464,2241,180,5650,3605,243,5016,3240,171
13-12-97,3535,2277,113,3662,2457,168,3128,2133,160,3452,2362,165,5613,3677,247,5105,3344,199
14-12-97,3554,2236,146,3269,2099,134,3015,1945,163,3164,1984,168,5496,3633,192,4899,3380,157
15-12-97,3678,2302,177,3465,2387,184,3236,2255,223,3589,2376,230,5403,3631,265,4846,3116,179
16-12-97,3855,2594,139,3506,2430,172,3211,2164,144,3462,2326,201,5300,3328,217,4816,3318,116
17-12-97,3952,2561,126,3454,2193,183,3175,2061,213,3660,2353,190,5357,3461,236,4793,3005,129
18-12-97,3654,2291,153,3415,2326,157,3098,1989,170,3833,2614,234,5185,3199,244,4718,3034,151
19-12-97,3875,2685,155,3412,2204,140,3190,2109,169,3883,2489,183,5281,3412,206,4932,3102,143
20-12-97,3957,2564,146,3637,2448,171,3243,2186,208,3322,2083,179,4932,3295,202,5007,3235,165
21-12-97,3518,2234,113,3359,2183,144,3021,2072,178,3553,2448,174,5036,3158,217,4826,3258,135
22-12-97,3910,2674,149,3311,2132,149,3222,2233,213,3660,2405,194,5218,3512,250,4589,2859,119
23-12-97,3916,2530,141,3565,2467,175,3157,2036,180,3586,2449,183,4875,3110,219,4829,3129,159
24-12-97,3812,2409,133,3735,2420,164,3199,2232,173,3684,2457,199,4988,3073,224,5215,3312,151
25-12-97,3422,2313,134,3598,2752,169,3182,2138,185,3523,2413,173,5324,3418,208,4885,3097,151
26-12-97,3665,2364,161,3314,2204,166,2955,1906,157,3697,2344,214,5314,3661,191,4794,3270,134
27-12-97,3992,2679,156,3514,2270,179,3136,2145,179,3468,2240,222,4536,2835,150,4817,3112,130
28-12-97,3869,2434,120,3338,2297,154,3180,2204,216,3763,2487,158,4977,3340,214,4923,3260,180
29-12-97,3634,2533,171,3519,2256,187,3235,2184,152,3586,2421,226,5315,3481,218,4796,2998,187
30-12-97,3654,2265,139,3485,2189,160,3260,2165,183,3822,2607,233,5283,3392,248,5083,3426,137
31-12-97,3654,2265,139,3724,2432,153,3159,2142,183,3498,2259,196,5027,3454,211,4981,3292,120
